p,5388.767152261031,6768.534352360086,20,430.0
w,4224,128
w,4352,128
w,4480,128
w,4608,128
w,4736,128
w,4864,128
w,4992,128
w,5120,128
w,5248,128
w,5376,128
w,5504,128
w,5632,128
w,5760,128
w,5888,128
w,6016,128
w,6144,128
w,6272,128
w,4224,256
w,6272,256
w,2304,384
w,2432,384
w,2560,384
w,2688,384
w,2816,384
w,2944,384
w,3072,384
w,3200,384
w,3328,384
w,3456,384
w,3584,384
w,3712,384
w,4224,384
w,6272,384
w,2304,512
w,3712,512
w,3840,512
w,3968,512
w,4096,512
w,4224,512
w,6272,512
w,6400,512
w,6528,512
w,6656,512
w,6784,512
w,2304,640
w,6784,640
w,896,768
w,1024,768
w,1152,768
w,1280,768
w,1408,768
w,1536,768
w,1664,768
w,1792,768
w,1920,768
w,2048,768
w,2176,768
w,2304,768
w,3712,768
w,3840,768
w,3968,768
w,4096,768
w,4224,768
w,6272,768
w,6400,768
w,6528,768
w,6784,768
w,896,896
w,3712,896
w,4224,896
w,6272,896
w,6528,896
w,6784,896
w,896,1024
w,2048,1024
w,2176,1024
w,2304,1024
w,3712,1024
w,4224,1024
w,6272,1024
w,6528,1024
w,6784,1024
w,896,1152
w,2048,1152
w,2304,1152
w,3712,1152
w,3840,1152
w,3968,1152
w,4224,1152
w,6272,1152
w,6528,1152
w,6784,1152
w,896,1280
w,2048,1280
w,2176,1280
w,2304,1280
w,3712,1280
w,3968,1280
w,4224,1280
w,6272,1280
w,6400,1280
w,6528,1280
w,6784,1280
w,6912,1280
w,7040,1280
w,7168,1280
w,7296,1280
w,7424,1280
w,7552,1280
w,7680,1280
w,7808,1280
w,896,1408
w,3968,1408
w,4096,1408
w,4224,1408
w,7808,1408
w,7936,1408
w,8064,1408
w,896,1536
w,6272,1536
w,6400,1536
w,6528,1536
w,6784,1536
w,6912,1536
w,8064,1536
w,896,1664
w,3968,1664
w,4096,1664
w,4224,1664
w,6272,1664
w,6528,1664
w,6784,1664
w,6912,1664
w,8064,1664
w,896,1792
w,3968,1792
w,4224,1792
w,6272,1792
w,6528,1792
w,6784,1792
w,6912,1792
w,8064,1792
w,896,1920
w,3968,1920
w,4224,1920
w,6272,1920
w,6528,1920
w,6784,1920
w,6912,1920
w,8064,1920
w,896,2048
w,3968,2048
w,4224,2048
w,6272,2048
w,6528,2048
w,6784,2048
w,6912,2048
w,8064,2048
w,896,2176
w,3968,2176
w,4224,2176
w,6272,2176
w,6528,2176
w,6784,2176
w,6912,2176
w,8064,2176
w,896,2304
w,3968,2304
w,4224,2304
w,6272,2304
w,6528,2304
w,6784,2304
w,6912,2304
w,8064,2304
w,896,2432
w,3968,2432
w,4224,2432
w,6272,2432
w,6528,2432
w,6784,2432
w,6912,2432
w,8064,2432
w,896,2560
w,3968,2560
w,4224,2560
w,4480,2560
w,4608,2560
w,4736,2560
w,4864,2560
w,4992,2560
w,5376,2560
w,5504,2560
w,5632,2560
w,5760,2560
w,6016,2560
w,6272,2560
w,6528,2560
w,6784,2560
w,6912,2560
w,8064,2560
w,896,2688
w,3968,2688
w,4224,2688
w,4480,2688
w,4992,2688
w,5376,2688
w,5760,2688
w,6016,2688
w,6272,2688
w,6528,2688
w,6784,2688
w,6912,2688
w,8064,2688
w,896,2816
w,3968,2816
w,4096,2816
w,4224,2816
w,4480,2816
w,4608,2816
w,4736,2816
w,4864,2816
w,4992,2816
w,5376,2816
w,5760,2816
w,6016,2816
w,6272,2816
w,6528,2816
w,6784,2816
w,6912,2816
w,8064,2816
w,896,2944
w,5376,2944
w,5504,2944
w,5632,2944
w,5760,2944
w,6016,2944
w,6272,2944
w,6400,2944
w,6528,2944
w,6784,2944
w,6912,2944
w,8064,2944
w,896,3072
w,8064,3072
w,896,3200
w,5376,3200
w,5504,3200
w,5632,3200
w,5760,3200
w,6016,3200
w,6272,3200
w,6400,3200
w,6528,3200
w,6784,3200
w,6912,3200
w,8064,3200
w,512,3328
w,640,3328
w,768,3328
w,896,3328
w,3328,3328
w,3712,3328
w,3840,3328
w,5376,3328
w,5760,3328
w,6016,3328
w,6272,3328
w,6528,3328
w,6784,3328
w,6912,3328
w,8064,3328
w,512,3456
w,3328,3456
w,3712,3456
w,3840,3456
w,5376,3456
w,5760,3456
w,6016,3456
w,6272,3456
w,6528,3456
w,6784,3456
w,6912,3456
w,8064,3456
w,512,3584
w,640,3584
w,768,3584
w,896,3584
w,3200,3584
w,3328,3584
w,3712,3584
w,3840,3584
w,5376,3584
w,5504,3584
w,5632,3584
w,5760,3584
w,6016,3584
w,6272,3584
w,6528,3584
w,6784,3584
w,6912,3584
w,8064,3584
w,896,3712
w,6016,3712
w,6272,3712
w,6528,3712
w,6784,3712
w,6912,3712
w,8064,3712
w,896,3840
w,6272,3840
w,6528,3840
w,6784,3840
w,6912,3840
w,7040,3840
w,7168,3840
w,7296,3840
w,7680,3840
w,7936,3840
w,8064,3840
w,896,3968
w,3200,3968
w,3328,3968
w,3712,3968
w,3840,3968
w,5376,3968
w,5504,3968
w,5632,3968
w,5760,3968
w,5888,3968
w,6272,3968
w,6528,3968
w,6784,3968
w,7296,3968
w,7680,3968
w,7936,3968
w,896,4096
w,3200,4096
w,3328,4096
w,3712,4096
w,3840,4096
w,5504,4096
w,5888,4096
w,6272,4096
w,6528,4096
w,6784,4096
w,7296,4096
w,7680,4096
w,7936,4096
w,896,4224
w,3200,4224
w,3328,4224
w,3712,4224
w,3840,4224
w,5504,4224
w,5888,4224
w,6272,4224
w,6528,4224
w,6784,4224
w,6912,4224
w,7040,4224
w,7168,4224
w,7296,4224
w,7680,4224
w,7936,4224
w,896,4352
w,3200,4352
w,3328,4352
w,3712,4352
w,3840,4352
w,5504,4352
w,5888,4352
w,6272,4352
w,6528,4352
w,6784,4352
w,6912,4352
w,7936,4352
w,896,4480
w,1024,4480
w,1152,4480
w,1280,4480
w,1408,4480
w,1664,4480
w,1792,4480
w,1920,4480
w,2048,4480
w,2176,4480
w,2304,4480
w,2432,4480
w,2560,4480
w,2944,4480
w,3072,4480
w,3200,4480
w,3328,4480
w,3712,4480
w,3840,4480
w,5504,4480
w,5888,4480
w,6272,4480
w,6528,4480
w,6784,4480
w,6912,4480
w,7936,4480
w,1408,4608
w,3200,4608
w,3328,4608
w,3712,4608
w,3840,4608
w,5504,4608
w,5632,4608
w,5760,4608
w,5888,4608
w,6272,4608
w,6528,4608
w,6784,4608
w,6912,4608
w,7936,4608
w,1408,4736
w,6272,4736
w,6400,4736
w,6528,4736
w,6784,4736
w,6912,4736
w,7936,4736
w,1408,4864
w,6784,4864
w,6912,4864
w,7936,4864
w,1408,4992
w,7936,4992
w,1408,5120
w,7936,5120
w,1408,5248
w,3200,5248
w,3328,5248
w,3456,5248
w,3712,5248
w,3840,5248
w,5504,5248
w,5632,5248
w,5760,5248
w,5888,5248
w,6144,5248
w,6272,5248
w,6400,5248
w,6528,5248
w,6784,5248
w,6912,5248
w,7936,5248
w,1408,5376
w,3200,5376
w,3456,5376
w,3712,5376
w,3840,5376
w,5504,5376
w,5888,5376
w,6144,5376
w,6528,5376
w,6784,5376
w,6912,5376
w,7936,5376
w,1408,5504
w,1536,5504
w,1664,5504
w,1792,5504
w,1920,5504
w,2176,5504
w,2304,5504
w,2432,5504
w,2560,5504
w,2688,5504
w,2816,5504
w,2944,5504
w,3072,5504
w,3200,5504
w,3456,5504
w,3712,5504
w,3840,5504
w,3968,5504
w,4096,5504
w,4224,5504
w,4480,5504
w,4608,5504
w,4736,5504
w,4864,5504
w,4992,5504
w,5120,5504
w,5504,5504
w,5888,5504
w,6144,5504
w,6528,5504
w,6784,5504
w,6912,5504
w,7936,5504
w,1920,5632
w,2176,5632
w,2304,5632
w,2432,5632
w,2560,5632
w,2688,5632
w,2816,5632
w,2944,5632
w,3072,5632
w,3200,5632
w,3328,5632
w,3456,5632
w,3712,5632
w,3840,5632
w,3968,5632
w,4096,5632
w,4224,5632
w,4480,5632
w,4608,5632
w,4736,5632
w,4864,5632
w,4992,5632
w,5120,5632
w,5504,5632
w,5632,5632
w,5760,5632
w,5888,5632
w,6144,5632
w,6272,5632
w,6400,5632
w,6528,5632
w,6784,5632
w,6912,5632
w,7936,5632
w,1920,5760
w,2176,5760
w,7936,5760
w,1920,5888
w,2176,5888
w,4736,5888
w,4864,5888
w,4992,5888
w,5120,5888
w,5504,5888
w,5632,5888
w,5760,5888
w,5888,5888
w,6144,5888
w,6272,5888
w,6400,5888
w,6528,5888
w,6784,5888
w,6912,5888
w,7936,5888
w,1920,6016
w,2176,6016
w,4736,6016
w,4992,6016
w,5120,6016
w,5504,6016
w,5632,6016
w,5760,6016
w,5888,6016
w,6144,6016
w,6272,6016
w,6400,6016
w,6528,6016
w,6784,6016
w,6912,6016
w,7936,6016
w,128,6144
w,256,6144
w,384,6144
w,512,6144
w,640,6144
w,768,6144
w,896,6144
w,1024,6144
w,1152,6144
w,1280,6144
w,1408,6144
w,1536,6144
w,1664,6144
w,1792,6144
w,1920,6144
w,2176,6144
w,4736,6144
w,4992,6144
w,6784,6144
w,6912,6144
w,7936,6144
w,128,6272
w,4736,6272
w,4864,6272
w,4992,6272
w,6784,6272
w,6912,6272
w,7936,6272
w,128,6400
w,6784,6400
w,6912,6400
w,7040,6400
w,7168,6400
w,7296,6400
w,7424,6400
w,7680,6400
w,7936,6400
w,128,6528
w,4736,6528
w,4864,6528
w,4992,6528
w,6784,6528
w,7424,6528
w,7680,6528
w,7936,6528
w,128,6656
w,4736,6656
w,4992,6656
w,6784,6656
w,7424,6656
w,7680,6656
w,7936,6656
w,128,6784
w,4736,6784
w,4864,6784
w,4992,6784
w,6784,6784
w,6912,6784
w,7040,6784
w,7168,6784
w,7296,6784
w,7424,6784
w,7680,6784
w,7808,6784
w,7936,6784
w,128,6912
w,7680,6912
w,128,7040
w,3072,7040
w,3200,7040
w,3328,7040
w,3456,7040
w,3712,7040
w,3840,7040
w,3968,7040
w,4096,7040
w,4224,7040
w,4352,7040
w,4480,7040
w,4608,7040
w,4736,7040
w,4864,7040
w,4992,7040
w,6784,7040
w,6912,7040
w,7040,7040
w,7168,7040
w,7296,7040
w,7424,7040
w,7552,7040
w,7680,7040
w,128,7168
w,2304,7168
w,2432,7168
w,2560,7168
w,2688,7168
w,2816,7168
w,2944,7168
w,3072,7168
w,3456,7168
w,3712,7168
w,4992,7168
w,6784,7168
w,128,7296
w,2304,7296
w,3456,7296
w,3712,7296
w,4992,7296
w,6784,7296
w,128,7424
w,256,7424
w,384,7424
w,512,7424
w,640,7424
w,768,7424
w,896,7424
w,1024,7424
w,1152,7424
w,1280,7424
w,1408,7424
w,1536,7424
w,1664,7424
w,1792,7424
w,1920,7424
w,2048,7424
w,2176,7424
w,2304,7424
w,2432,7424
w,2560,7424
w,2688,7424
w,2816,7424
w,2944,7424
w,3072,7424
w,3200,7424
w,3328,7424
w,3456,7424
w,3712,7424
w,4992,7424
w,6784,7424
w,1792,7552
w,3712,7552
w,4992,7552
w,6784,7552
w,1792,7680
w,1920,7680
w,2048,7680
w,2176,7680
w,2304,7680
w,2432,7680
w,2560,7680
w,2688,7680
w,2816,7680
w,2944,7680
w,3072,7680
w,3200,7680
w,3328,7680
w,3456,7680
w,3584,7680
w,3712,7680
w,4992,7680
w,6784,7680
w,4992,7808
w,6784,7808
w,4992,7936
w,5120,7936
w,5248,7936
w,5376,7936
w,5504,7936
w,5632,7936
w,5760,7936
w,5888,7936
w,6016,7936
w,6144,7936
w,6272,7936
w,6400,7936
w,6528,7936
w,6656,7936
w,6784,7936
f,4352,256
f,4480,256
f,4608,256
f,4736,256
f,4864,256
f,4992,256
f,5120,256
f,5248,256
f,5376,256
f,5504,256
f,5632,256
f,5760,256
f,5888,256
f,6016,256
f,6144,256
f,4352,384
f,4480,384
f,4608,384
f,4736,384
f,4864,384
f,4992,384
f,5120,384
f,5248,384
f,5376,384
f,5504,384
f,5632,384
f,5760,384
f,5888,384
f,6016,384
f,6144,384
f,2432,512
f,2560,512
f,2688,512
f,2816,512
f,2944,512
f,3072,512
f,3200,512
f,3328,512
f,3456,512
f,3584,512
f,4352,512
f,4480,512
f,4608,512
f,4736,512
f,4864,512
f,4992,512
f,5120,512
f,5248,512
f,5376,512
f,5504,512
f,5632,512
f,5760,512
f,5888,512
f,6016,512
f,6144,512
f,2432,640
f,2560,640
f,2688,640
f,2816,640
f,2944,640
f,3072,640
f,3200,640
f,3328,640
f,3456,640
f,3584,640
f,3712,640
f,3840,640
f,3968,640
f,4096,640
f,4224,640
f,4352,640
f,4480,640
f,4608,640
f,4736,640
f,4864,640
f,4992,640
f,5120,640
f,5248,640
f,5376,640
f,5504,640
f,5632,640
f,5760,640
f,5888,640
f,6016,640
f,6144,640
f,6272,640
f,6400,640
f,6528,640
f,6656,640
f,2432,768
f,2560,768
f,2688,768
f,2816,768
f,2944,768
f,3072,768
f,3200,768
f,3328,768
f,3456,768
f,3584,768
f,4352,768
f,4480,768
f,4608,768
f,4736,768
f,4864,768
f,4992,768
f,5120,768
f,5248,768
f,5376,768
f,5504,768
f,5632,768
f,5760,768
f,5888,768
f,6016,768
f,6144,768
f,6656,768
f,1024,896
f,1152,896
f,1280,896
f,1408,896
f,1536,896
f,1664,896
f,1792,896
f,1920,896
f,2048,896
f,2176,896
f,2304,896
f,2432,896
f,2560,896
f,2688,896
f,2816,896
f,2944,896
f,3072,896
f,3200,896
f,3328,896
f,3456,896
f,3584,896
f,4352,896
f,4480,896
f,4608,896
f,4736,896
f,4864,896
f,4992,896
f,5120,896
f,5248,896
f,5376,896
f,5504,896
f,5632,896
f,5760,896
f,5888,896
f,6016,896
f,6144,896
f,6656,896
f,1024,1024
f,1152,1024
f,1280,1024
f,1408,1024
f,1536,1024
f,1664,1024
f,1792,1024
f,1920,1024
f,2432,1024
f,2560,1024
f,2688,1024
f,2816,1024
f,2944,1024
f,3072,1024
f,3200,1024
f,3328,1024
f,3456,1024
f,3584,1024
f,4352,1024
f,4480,1024
f,4608,1024
f,4736,1024
f,4864,1024
f,4992,1024
f,5120,1024
f,5248,1024
f,5376,1024
f,5504,1024
f,5632,1024
f,5760,1024
f,5888,1024
f,6016,1024
f,6144,1024
f,6656,1024
f,1024,1152
f,1152,1152
f,1280,1152
f,1408,1152
f,1536,1152
f,1664,1152
f,1792,1152
f,1920,1152
f,2432,1152
f,2560,1152
f,2688,1152
f,2816,1152
f,2944,1152
f,3072,1152
f,3200,1152
f,3328,1152
f,3456,1152
f,3584,1152
f,4352,1152
f,4480,1152
f,4608,1152
f,4736,1152
f,4864,1152
f,4992,1152
f,5120,1152
f,5248,1152
f,5376,1152
f,5504,1152
f,5632,1152
f,5760,1152
f,5888,1152
f,6016,1152
f,6144,1152
f,6656,1152
f,1024,1280
f,1152,1280
f,1280,1280
f,1408,1280
f,1536,1280
f,1664,1280
f,1792,1280
f,1920,1280
f,2432,1280
f,2560,1280
f,2688,1280
f,2816,1280
f,2944,1280
f,3072,1280
f,3200,1280
f,3328,1280
f,3456,1280
f,3584,1280
f,3840,1280
f,4352,1280
f,4480,1280
f,4608,1280
f,4736,1280
f,4864,1280
f,4992,1280
f,5120,1280
f,5248,1280
f,5376,1280
f,5504,1280
f,5632,1280
f,5760,1280
f,5888,1280
f,6016,1280
f,6144,1280
f,6656,1280
f,1024,1408
f,1152,1408
f,1280,1408
f,1408,1408
f,1536,1408
f,1664,1408
f,1792,1408
f,1920,1408
f,2048,1408
f,2176,1408
f,2304,1408
f,2432,1408
f,2560,1408
f,2688,1408
f,2816,1408
f,2944,1408
f,3072,1408
f,3200,1408
f,3328,1408
f,3456,1408
f,3584,1408
f,3712,1408
f,3840,1408
f,4352,1408
f,4480,1408
f,4608,1408
f,4736,1408
f,4864,1408
f,4992,1408
f,5120,1408
f,5248,1408
f,5376,1408
f,5504,1408
f,5632,1408
f,5760,1408
f,5888,1408
f,6016,1408
f,6144,1408
f,6272,1408
f,6400,1408
f,6528,1408
f,6656,1408
f,6784,1408
f,6912,1408
f,7040,1408
f,7168,1408
f,7296,1408
f,7424,1408
f,7552,1408
f,7680,1408
f,1024,1536
f,1152,1536
f,1280,1536
f,1408,1536
f,1536,1536
f,1664,1536
f,1792,1536
f,1920,1536
f,2048,1536
f,2176,1536
f,2304,1536
f,2432,1536
f,2560,1536
f,2688,1536
f,2816,1536
f,2944,1536
f,3072,1536
f,3200,1536
f,3328,1536
f,3456,1536
f,3584,1536
f,3712,1536
f,3840,1536
f,3968,1536
f,4096,1536
f,4224,1536
f,4352,1536
f,4480,1536
f,4608,1536
f,4736,1536
f,4864,1536
f,4992,1536
f,5120,1536
f,5248,1536
f,5376,1536
f,5504,1536
f,5632,1536
f,5760,1536
f,5888,1536
f,6016,1536
f,6144,1536
f,6656,1536
f,7040,1536
f,7168,1536
f,7296,1536
f,7424,1536
f,7552,1536
f,7680,1536
f,7808,1536
f,7936,1536
f,1024,1664
f,1152,1664
f,1280,1664
f,1408,1664
f,1536,1664
f,1664,1664
f,1792,1664
f,1920,1664
f,2048,1664
f,2176,1664
f,2304,1664
f,2432,1664
f,2560,1664
f,2688,1664
f,2816,1664
f,2944,1664
f,3072,1664
f,3200,1664
f,3328,1664
f,3456,1664
f,3584,1664
f,3712,1664
f,3840,1664
f,4352,1664
f,4480,1664
f,4608,1664
f,4736,1664
f,4864,1664
f,4992,1664
f,5120,1664
f,5248,1664
f,5376,1664
f,5504,1664
f,5632,1664
f,5760,1664
f,5888,1664
f,6016,1664
f,6144,1664
f,6656,1664
f,7040,1664
f,7168,1664
f,7296,1664
f,7424,1664
f,7552,1664
f,7680,1664
f,7808,1664
f,7936,1664
f,1024,1792
f,1152,1792
f,1280,1792
f,1408,1792
f,1536,1792
f,1664,1792
f,1792,1792
f,1920,1792
f,2048,1792
f,2176,1792
f,2304,1792
f,2432,1792
f,2560,1792
f,2688,1792
f,2816,1792
f,2944,1792
f,3072,1792
f,3200,1792
f,3328,1792
f,3456,1792
f,3584,1792
f,3712,1792
f,3840,1792
f,4352,1792
f,4480,1792
f,4608,1792
f,4736,1792
f,4864,1792
f,4992,1792
f,5120,1792
f,5248,1792
f,5376,1792
f,5504,1792
f,5632,1792
f,5760,1792
f,5888,1792
f,6016,1792
f,6144,1792
f,6656,1792
f,7040,1792
f,7168,1792
f,7296,1792
f,7424,1792
f,7552,1792
f,7680,1792
f,7808,1792
f,7936,1792
f,1024,1920
f,1152,1920
f,1280,1920
f,1408,1920
f,1536,1920
f,1664,1920
f,1792,1920
f,1920,1920
f,2048,1920
f,2176,1920
f,2304,1920
f,2432,1920
f,2560,1920
f,2688,1920
f,2816,1920
f,2944,1920
f,3072,1920
f,3200,1920
f,3328,1920
f,3456,1920
f,3584,1920
f,3712,1920
f,3840,1920
f,4352,1920
f,4480,1920
f,4608,1920
f,4736,1920
f,4864,1920
f,4992,1920
f,5120,1920
f,5248,1920
f,5376,1920
f,5504,1920
f,5632,1920
f,5760,1920
f,5888,1920
f,6016,1920
f,6144,1920
f,6656,1920
f,7040,1920
f,7168,1920
f,7296,1920
f,7424,1920
f,7552,1920
f,7680,1920
f,7808,1920
f,7936,1920
f,1024,2048
f,1152,2048
f,1280,2048
f,1408,2048
f,1536,2048
f,1664,2048
f,1792,2048
f,1920,2048
f,2048,2048
f,2176,2048
f,2304,2048
f,2432,2048
f,2560,2048
f,2688,2048
f,2816,2048
f,2944,2048
f,3072,2048
f,3200,2048
f,3328,2048
f,3456,2048
f,3584,2048
f,3712,2048
f,3840,2048
f,4352,2048
f,4480,2048
f,4608,2048
f,4736,2048
f,4864,2048
f,4992,2048
f,5120,2048
f,5248,2048
f,5376,2048
f,5504,2048
f,5632,2048
f,5760,2048
f,5888,2048
f,6016,2048
f,6144,2048
f,6656,2048
f,7040,2048
f,7168,2048
f,7296,2048
f,7424,2048
f,7552,2048
f,7680,2048
f,7808,2048
f,7936,2048
f,1024,2176
f,1152,2176
f,1280,2176
f,1408,2176
f,1536,2176
f,1664,2176
f,1792,2176
f,1920,2176
f,2048,2176
f,2176,2176
f,2304,2176
f,2432,2176
f,2560,2176
f,2688,2176
f,2816,2176
f,2944,2176
f,3072,2176
f,3200,2176
f,3328,2176
f,3456,2176
f,3584,2176
f,3712,2176
f,3840,2176
f,4352,2176
f,4480,2176
f,4608,2176
f,4736,2176
f,4864,2176
f,4992,2176
f,5120,2176
f,5248,2176
f,5376,2176
f,5504,2176
f,5632,2176
f,5760,2176
f,5888,2176
f,6016,2176
f,6144,2176
f,6656,2176
f,7040,2176
f,7168,2176
f,7296,2176
f,7424,2176
f,7552,2176
f,7680,2176
f,7808,2176
f,7936,2176
f,1024,2304
f,1152,2304
f,1280,2304
f,1408,2304
f,1536,2304
f,1664,2304
f,1792,2304
f,1920,2304
f,2048,2304
f,2176,2304
f,2304,2304
f,2432,2304
f,2560,2304
f,2688,2304
f,2816,2304
f,2944,2304
f,3072,2304
f,3200,2304
f,3328,2304
f,3456,2304
f,3584,2304
f,3712,2304
f,3840,2304
f,4352,2304
f,4480,2304
f,4608,2304
f,4736,2304
f,4864,2304
f,4992,2304
f,5120,2304
f,5248,2304
f,5376,2304
f,5504,2304
f,5632,2304
f,5760,2304
f,5888,2304
f,6016,2304
f,6144,2304
f,6656,2304
f,7040,2304
f,7168,2304
f,7296,2304
f,7424,2304
f,7552,2304
f,7680,2304
f,7808,2304
f,7936,2304
f,1024,2432
f,1152,2432
f,1280,2432
f,1408,2432
f,1536,2432
f,1664,2432
f,1792,2432
f,1920,2432
f,2048,2432
f,2176,2432
f,2304,2432
f,2432,2432
f,2560,2432
f,2688,2432
f,2816,2432
f,2944,2432
f,3072,2432
f,3200,2432
f,3328,2432
f,3456,2432
f,3584,2432
f,3712,2432
f,3840,2432
f,4352,2432
f,4480,2432
f,4608,2432
f,4736,2432
f,4864,2432
f,4992,2432
f,5120,2432
f,5248,2432
f,5376,2432
f,5504,2432
f,5632,2432
f,5760,2432
f,5888,2432
f,6016,2432
f,6144,2432
f,6656,2432
f,7040,2432
f,7168,2432
f,7296,2432
f,7424,2432
f,7552,2432
f,7680,2432
f,7808,2432
f,7936,2432
f,1024,2560
f,1152,2560
f,1280,2560
f,1408,2560
f,1536,2560
f,1664,2560
f,1792,2560
f,1920,2560
f,2048,2560
f,2176,2560
f,2304,2560
f,2432,2560
f,2560,2560
f,2688,2560
f,2816,2560
f,2944,2560
f,3072,2560
f,3200,2560
f,3328,2560
f,3456,2560
f,3584,2560
f,3712,2560
f,3840,2560
f,4352,2560
f,5120,2560
f,5248,2560
f,5888,2560
f,6144,2560
f,6656,2560
f,7040,2560
f,7168,2560
f,7296,2560
f,7424,2560
f,7552,2560
f,7680,2560
f,7808,2560
f,7936,2560
f,1024,2688
f,1152,2688
f,1280,2688
f,1408,2688
f,1536,2688
f,1664,2688
f,1792,2688
f,1920,2688
f,2048,2688
f,2176,2688
f,2304,2688
f,2432,2688
f,2560,2688
f,2688,2688
f,2816,2688
f,2944,2688
f,3072,2688
f,3200,2688
f,3328,2688
f,3456,2688
f,3584,2688
f,3712,2688
f,3840,2688
f,4352,2688
f,5120,2688
f,5248,2688
f,5888,2688
f,6144,2688
f,6656,2688
f,7040,2688
f,7168,2688
f,7296,2688
f,7424,2688
f,7552,2688
f,7680,2688
f,7808,2688
f,7936,2688
f,1024,2816
f,1152,2816
f,1280,2816
f,1408,2816
f,1536,2816
f,1664,2816
f,1792,2816
f,1920,2816
f,2048,2816
f,2176,2816
f,2304,2816
f,2432,2816
f,2560,2816
f,2688,2816
f,2816,2816
f,2944,2816
f,3072,2816
f,3200,2816
f,3328,2816
f,3456,2816
f,3584,2816
f,3712,2816
f,3840,2816
f,4352,2816
f,5120,2816
f,5248,2816
f,5888,2816
f,6144,2816
f,6656,2816
f,7040,2816
f,7168,2816
f,7296,2816
f,7424,2816
f,7552,2816
f,7680,2816
f,7808,2816
f,7936,2816
f,1024,2944
f,1152,2944
f,1280,2944
f,1408,2944
f,1536,2944
f,1664,2944
f,1792,2944
f,1920,2944
f,2048,2944
f,2176,2944
f,2304,2944
f,2432,2944
f,2560,2944
f,2688,2944
f,2816,2944
f,2944,2944
f,3072,2944
f,3200,2944
f,3328,2944
f,3456,2944
f,3584,2944
f,3712,2944
f,3840,2944
f,3968,2944
f,4096,2944
f,4224,2944
f,4352,2944
f,4480,2944
f,4608,2944
f,4736,2944
f,4864,2944
f,4992,2944
f,5120,2944
f,5248,2944
f,5888,2944
f,6144,2944
f,6656,2944
f,7040,2944
f,7168,2944
f,7296,2944
f,7424,2944
f,7552,2944
f,7680,2944
f,7808,2944
f,7936,2944
f,1024,3072
f,1152,3072
f,1280,3072
f,1408,3072
f,1536,3072
f,1664,3072
f,1792,3072
f,1920,3072
f,2048,3072
f,2176,3072
f,2304,3072
f,2432,3072
f,2560,3072
f,2688,3072
f,2816,3072
f,2944,3072
f,3072,3072
f,3200,3072
f,3328,3072
f,3456,3072
f,3584,3072
f,3712,3072
f,3840,3072
f,3968,3072
f,4096,3072
f,4224,3072
f,4352,3072
f,4480,3072
f,4608,3072
f,4736,3072
f,4864,3072
f,4992,3072
f,5120,3072
f,5248,3072
f,5376,3072
f,5504,3072
f,5632,3072
f,5760,3072
f,5888,3072
f,6016,3072
f,6144,3072
f,6272,3072
f,6400,3072
f,6528,3072
f,6656,3072
f,6784,3072
f,6912,3072
f,7040,3072
f,7168,3072
f,7296,3072
f,7424,3072
f,7552,3072
f,7680,3072
f,7808,3072
f,7936,3072
f,1024,3200
f,1152,3200
f,1280,3200
f,1408,3200
f,1536,3200
f,1664,3200
f,1792,3200
f,1920,3200
f,2048,3200
f,2176,3200
f,2304,3200
f,2432,3200
f,2560,3200
f,2688,3200
f,2816,3200
f,2944,3200
f,3072,3200
f,3200,3200
f,3328,3200
f,3456,3200
f,3584,3200
f,3712,3200
f,3840,3200
f,3968,3200
f,4096,3200
f,4224,3200
f,4352,3200
f,4480,3200
f,4608,3200
f,4736,3200
f,4864,3200
f,4992,3200
f,5120,3200
f,5248,3200
f,5888,3200
f,6144,3200
f,6656,3200
f,7040,3200
f,7168,3200
f,7296,3200
f,7424,3200
f,7552,3200
f,7680,3200
f,7808,3200
f,7936,3200
f,1024,3328
f,1152,3328
f,1280,3328
f,1408,3328
f,1536,3328
f,1664,3328
f,1792,3328
f,1920,3328
f,2048,3328
f,2176,3328
f,2304,3328
f,2432,3328
f,2560,3328
f,2688,3328
f,2816,3328
f,2944,3328
f,3072,3328
f,3200,3328
f,3456,3328
f,3584,3328
f,3968,3328
f,4096,3328
f,4224,3328
f,4352,3328
f,4480,3328
f,4608,3328
f,4736,3328
f,4864,3328
f,4992,3328
f,5120,3328
f,5248,3328
f,5888,3328
f,6144,3328
f,6656,3328
f,7040,3328
f,7168,3328
f,7296,3328
f,7424,3328
f,7552,3328
f,7680,3328
f,7808,3328
f,7936,3328
f,640,3456
f,768,3456
f,896,3456
f,1024,3456
f,1152,3456
f,1280,3456
f,1408,3456
f,1536,3456
f,1664,3456
f,1792,3456
f,1920,3456
f,2048,3456
f,2176,3456
f,2304,3456
f,2432,3456
f,2560,3456
f,2688,3456
f,2816,3456
f,2944,3456
f,3072,3456
f,3200,3456
f,3456,3456
f,3584,3456
f,3968,3456
f,4096,3456
f,4224,3456
f,4352,3456
f,4480,3456
f,4608,3456
f,4736,3456
f,4864,3456
f,4992,3456
f,5120,3456
f,5248,3456
f,5888,3456
f,6144,3456
f,6656,3456
f,7040,3456
f,7168,3456
f,7296,3456
f,7424,3456
f,7552,3456
f,7680,3456
f,7808,3456
f,7936,3456
f,1024,3584
f,1152,3584
f,1280,3584
f,1408,3584
f,1536,3584
f,1664,3584
f,1792,3584
f,1920,3584
f,2048,3584
f,2176,3584
f,2304,3584
f,2432,3584
f,2560,3584
f,2688,3584
f,2816,3584
f,2944,3584
f,3072,3584
f,3456,3584
f,3584,3584
f,3968,3584
f,4096,3584
f,4224,3584
f,4352,3584
f,4480,3584
f,4608,3584
f,4736,3584
f,4864,3584
f,4992,3584
f,5120,3584
f,5248,3584
f,5888,3584
f,6144,3584
f,6656,3584
f,7040,3584
f,7168,3584
f,7296,3584
f,7424,3584
f,7552,3584
f,7680,3584
f,7808,3584
f,7936,3584
f,1024,3712
f,1152,3712
f,1280,3712
f,1408,3712
f,1536,3712
f,1664,3712
f,1792,3712
f,1920,3712
f,2048,3712
f,2176,3712
f,2304,3712
f,2432,3712
f,2560,3712
f,2688,3712
f,2816,3712
f,2944,3712
f,3072,3712
f,3200,3712
f,3328,3712
f,3456,3712
f,3584,3712
f,3712,3712
f,3840,3712
f,3968,3712
f,4096,3712
f,4224,3712
f,4352,3712
f,4480,3712
f,4608,3712
f,4736,3712
f,4864,3712
f,4992,3712
f,5120,3712
f,5248,3712
f,5376,3712
f,5504,3712
f,5632,3712
f,5760,3712
f,5888,3712
f,6144,3712
f,6656,3712
f,7040,3712
f,7168,3712
f,7296,3712
f,7424,3712
f,7552,3712
f,7680,3712
f,7808,3712
f,7936,3712
f,1024,3840
f,1152,3840
f,1280,3840
f,1408,3840
f,1536,3840
f,1664,3840
f,1792,3840
f,1920,3840
f,2048,3840
f,2176,3840
f,2304,3840
f,2432,3840
f,2560,3840
f,2688,3840
f,2816,3840
f,2944,3840
f,3072,3840
f,3200,3840
f,3328,3840
f,3456,3840
f,3584,3840
f,3712,3840
f,3840,3840
f,3968,3840
f,4096,3840
f,4224,3840
f,4352,3840
f,4480,3840
f,4608,3840
f,4736,3840
f,4864,3840
f,4992,3840
f,5120,3840
f,5248,3840
f,5376,3840
f,5504,3840
f,5632,3840
f,5760,3840
f,5888,3840
f,6016,3840
f,6144,3840
f,6656,3840
f,7424,3840
f,7552,3840
f,7808,3840
f,1024,3968
f,1152,3968
f,1280,3968
f,1408,3968
f,1536,3968
f,1664,3968
f,1792,3968
f,1920,3968
f,2048,3968
f,2176,3968
f,2304,3968
f,2432,3968
f,2560,3968
f,2688,3968
f,2816,3968
f,2944,3968
f,3072,3968
f,3456,3968
f,3584,3968
f,3968,3968
f,4096,3968
f,4224,3968
f,4352,3968
f,4480,3968
f,4608,3968
f,4736,3968
f,4864,3968
f,4992,3968
f,5120,3968
f,5248,3968
f,6016,3968
f,6144,3968
f,6656,3968
f,7424,3968
f,7552,3968
f,7808,3968
f,1024,4096
f,1152,4096
f,1280,4096
f,1408,4096
f,1536,4096
f,1664,4096
f,1792,4096
f,1920,4096
f,2048,4096
f,2176,4096
f,2304,4096
f,2432,4096
f,2560,4096
f,2688,4096
f,2816,4096
f,2944,4096
f,3072,4096
f,3456,4096
f,3584,4096
f,3968,4096
f,4096,4096
f,4224,4096
f,4352,4096
f,4480,4096
f,4608,4096
f,4736,4096
f,4864,4096
f,4992,4096
f,5120,4096
f,5248,4096
f,5376,4096
f,6016,4096
f,6144,4096
f,6656,4096
f,7424,4096
f,7552,4096
f,7808,4096
f,1024,4224
f,1152,4224
f,1280,4224
f,1408,4224
f,1536,4224
f,1664,4224
f,1792,4224
f,1920,4224
f,2048,4224
f,2176,4224
f,2304,4224
f,2432,4224
f,2560,4224
f,2688,4224
f,2816,4224
f,2944,4224
f,3072,4224
f,3456,4224
f,3584,4224
f,3968,4224
f,4096,4224
f,4224,4224
f,4352,4224
f,4480,4224
f,4608,4224
f,4736,4224
f,4864,4224
f,4992,4224
f,5120,4224
f,5248,4224
f,5376,4224
f,6016,4224
f,6144,4224
f,6656,4224
f,7424,4224
f,7552,4224
f,7808,4224
f,1024,4352
f,1152,4352
f,1280,4352
f,1408,4352
f,1536,4352
f,1664,4352
f,1792,4352
f,1920,4352
f,2048,4352
f,2176,4352
f,2304,4352
f,2432,4352
f,2560,4352
f,2688,4352
f,2816,4352
f,2944,4352
f,3072,4352
f,3456,4352
f,3584,4352
f,3968,4352
f,4096,4352
f,4224,4352
f,4352,4352
f,4480,4352
f,4608,4352
f,4736,4352
f,4864,4352
f,4992,4352
f,5120,4352
f,5248,4352
f,5376,4352
f,6016,4352
f,6144,4352
f,6656,4352
f,7040,4352
f,7168,4352
f,7296,4352
f,7424,4352
f,7552,4352
f,7680,4352
f,7808,4352
f,1536,4480
f,2688,4480
f,2816,4480
f,3456,4480
f,3584,4480
f,3968,4480
f,4096,4480
f,4224,4480
f,4352,4480
f,4480,4480
f,4608,4480
f,4736,4480
f,4864,4480
f,4992,4480
f,5120,4480
f,5248,4480
f,5376,4480
f,6016,4480
f,6144,4480
f,6656,4480
f,7040,4480
f,7168,4480
f,7296,4480
f,7424,4480
f,7552,4480
f,7680,4480
f,7808,4480
f,1536,4608
f,1664,4608
f,1792,4608
f,1920,4608
f,2048,4608
f,2176,4608
f,2304,4608
f,2432,4608
f,2560,4608
f,2688,4608
f,2816,4608
f,2944,4608
f,3072,4608
f,3456,4608
f,3584,4608
f,3968,4608
f,4096,4608
f,4224,4608
f,4352,4608
f,4480,4608
f,4608,4608
f,4736,4608
f,4864,4608
f,4992,4608
f,5120,4608
f,5248,4608
f,5376,4608
f,6016,4608
f,6144,4608
f,6656,4608
f,7040,4608
f,7168,4608
f,7296,4608
f,7424,4608
f,7552,4608
f,7680,4608
f,7808,4608
f,1536,4736
f,1664,4736
f,1792,4736
f,1920,4736
f,2048,4736
f,2176,4736
f,2304,4736
f,2432,4736
f,2560,4736
f,2688,4736
f,2816,4736
f,2944,4736
f,3072,4736
f,3200,4736
f,3328,4736
f,3456,4736
f,3584,4736
f,3712,4736
f,3840,4736
f,3968,4736
f,4096,4736
f,4224,4736
f,4352,4736
f,4480,4736
f,4608,4736
f,4736,4736
f,4864,4736
f,4992,4736
f,5120,4736
f,5248,4736
f,5376,4736
f,5504,4736
f,5632,4736
f,5760,4736
f,5888,4736
f,6016,4736
f,6144,4736
f,6656,4736
f,7040,4736
f,7168,4736
f,7296,4736
f,7424,4736
f,7552,4736
f,7680,4736
f,7808,4736
f,1536,4864
f,1664,4864
f,1792,4864
f,1920,4864
f,2048,4864
f,2176,4864
f,2304,4864
f,2432,4864
f,2560,4864
f,2688,4864
f,2816,4864
f,2944,4864
f,3072,4864
f,3200,4864
f,3328,4864
f,3456,4864
f,3584,4864
f,3712,4864
f,3840,4864
f,3968,4864
f,4096,4864
f,4224,4864
f,4352,4864
f,4480,4864
f,4608,4864
f,4736,4864
f,4864,4864
f,4992,4864
f,5120,4864
f,5248,4864
f,5376,4864
f,5504,4864
f,5632,4864
f,5760,4864
f,5888,4864
f,6016,4864
f,6144,4864
f,6272,4864
f,6400,4864
f,6528,4864
f,6656,4864
f,7040,4864
f,7168,4864
f,7296,4864
f,7424,4864
f,7552,4864
f,7680,4864
f,7808,4864
f,1536,4992
f,1664,4992
f,1792,4992
f,1920,4992
f,2048,4992
f,2176,4992
f,2304,4992
f,2432,4992
f,2560,4992
f,2688,4992
f,2816,4992
f,2944,4992
f,3072,4992
f,3200,4992
f,3328,4992
f,3456,4992
f,3584,4992
f,3712,4992
f,3840,4992
f,3968,4992
f,4096,4992
f,4224,4992
f,4352,4992
f,4480,4992
f,4608,4992
f,4736,4992
f,4864,4992
f,4992,4992
f,5120,4992
f,5248,4992
f,5376,4992
f,5504,4992
f,5632,4992
f,5760,4992
f,5888,4992
f,6016,4992
f,6144,4992
f,6272,4992
f,6400,4992
f,6528,4992
f,6656,4992
f,6784,4992
f,6912,4992
f,7040,4992
f,7168,4992
f,7296,4992
f,7424,4992
f,7552,4992
f,7680,4992
f,7808,4992
f,1536,5120
f,1664,5120
f,1792,5120
f,1920,5120
f,2048,5120
f,2176,5120
f,2304,5120
f,2432,5120
f,2560,5120
f,2688,5120
f,2816,5120
f,2944,5120
f,3072,5120
f,3200,5120
f,3328,5120
f,3456,5120
f,3584,5120
f,3712,5120
f,3840,5120
f,3968,5120
f,4096,5120
f,4224,5120
f,4352,5120
f,4480,5120
f,4608,5120
f,4736,5120
f,4864,5120
f,4992,5120
f,5120,5120
f,5248,5120
f,5376,5120
f,5504,5120
f,5632,5120
f,5760,5120
f,5888,5120
f,6016,5120
f,6144,5120
f,6272,5120
f,6400,5120
f,6528,5120
f,6656,5120
f,6784,5120
f,6912,5120
f,7040,5120
f,7168,5120
f,7296,5120
f,7424,5120
f,7552,5120
f,7680,5120
f,7808,5120
f,1536,5248
f,1664,5248
f,1792,5248
f,1920,5248
f,2048,5248
f,2176,5248
f,2304,5248
f,2432,5248
f,2560,5248
f,2688,5248
f,2816,5248
f,2944,5248
f,3072,5248
f,3584,5248
f,3968,5248
f,4096,5248
f,4224,5248
f,4352,5248
f,4480,5248
f,4608,5248
f,4736,5248
f,4864,5248
f,4992,5248
f,5120,5248
f,5248,5248
f,5376,5248
f,6016,5248
f,6656,5248
f,7040,5248
f,7168,5248
f,7296,5248
f,7424,5248
f,7552,5248
f,7680,5248
f,7808,5248
f,1536,5376
f,1664,5376
f,1792,5376
f,1920,5376
f,2048,5376
f,2176,5376
f,2304,5376
f,2432,5376
f,2560,5376
f,2688,5376
f,2816,5376
f,2944,5376
f,3072,5376
f,3584,5376
f,3968,5376
f,4096,5376
f,4224,5376
f,4352,5376
f,4480,5376
f,4608,5376
f,4736,5376
f,4864,5376
f,4992,5376
f,5120,5376
f,5248,5376
f,5376,5376
f,6016,5376
f,6656,5376
f,7040,5376
f,7168,5376
f,7296,5376
f,7424,5376
f,7552,5376
f,7680,5376
f,7808,5376
f,2048,5504
f,3584,5504
f,4352,5504
f,5248,5504
f,5376,5504
f,6016,5504
f,6656,5504
f,7040,5504
f,7168,5504
f,7296,5504
f,7424,5504
f,7552,5504
f,7680,5504
f,7808,5504
f,2048,5632
f,3584,5632
f,4352,5632
f,5248,5632
f,5376,5632
f,6016,5632
f,6656,5632
f,7040,5632
f,7168,5632
f,7296,5632
f,7424,5632
f,7552,5632
f,7680,5632
f,7808,5632
f,2048,5760
f,2304,5760
f,2432,5760
f,2560,5760
f,2688,5760
f,2816,5760
f,2944,5760
f,3072,5760
f,3200,5760
f,3328,5760
f,3456,5760
f,3584,5760
f,3712,5760
f,3840,5760
f,3968,5760
f,4096,5760
f,4224,5760
f,4352,5760
f,4480,5760
f,4608,5760
f,4736,5760
f,4864,5760
f,4992,5760
f,5120,5760
f,5248,5760
f,5376,5760
f,5504,5760
f,5632,5760
f,5760,5760
f,5888,5760
f,6016,5760
f,6144,5760
f,6272,5760
f,6400,5760
f,6528,5760
f,6656,5760
f,6784,5760
f,6912,5760
f,7040,5760
f,7168,5760
f,7296,5760
f,7424,5760
f,7552,5760
f,7680,5760
f,7808,5760
f,2048,5888
f,2304,5888
f,2432,5888
f,2560,5888
f,2688,5888
f,2816,5888
f,2944,5888
f,3072,5888
f,3200,5888
f,3328,5888
f,3456,5888
f,3584,5888
f,3712,5888
f,3840,5888
f,3968,5888
f,4096,5888
f,4224,5888
f,4352,5888
f,4480,5888
f,4608,5888
f,5248,5888
f,5376,5888
f,6016,5888
f,6656,5888
f,7040,5888
f,7168,5888
f,7296,5888
f,7424,5888
f,7552,5888
f,7680,5888
f,7808,5888
f,2048,6016
f,2304,6016
f,2432,6016
f,2560,6016
f,2688,6016
f,2816,6016
f,2944,6016
f,3072,6016
f,3200,6016
f,3328,6016
f,3456,6016
f,3584,6016
f,3712,6016
f,3840,6016
f,3968,6016
f,4096,6016
f,4224,6016
f,4352,6016
f,4480,6016
f,4608,6016
f,5248,6016
f,5376,6016
f,6016,6016
f,6656,6016
f,7040,6016
f,7168,6016
f,7296,6016
f,7424,6016
f,7552,6016
f,7680,6016
f,7808,6016
f,2048,6144
f,2304,6144
f,2432,6144
f,2560,6144
f,2688,6144
f,2816,6144
f,2944,6144
f,3072,6144
f,3200,6144
f,3328,6144
f,3456,6144
f,3584,6144
f,3712,6144
f,3840,6144
f,3968,6144
f,4096,6144
f,4224,6144
f,4352,6144
f,4480,6144
f,4608,6144
f,5120,6144
f,5248,6144
f,5376,6144
f,5504,6144
f,5632,6144
f,5760,6144
f,5888,6144
f,6016,6144
f,6144,6144
f,6272,6144
f,6400,6144
f,6528,6144
f,6656,6144
f,7040,6144
f,7168,6144
f,7296,6144
f,7424,6144
f,7552,6144
f,7680,6144
f,7808,6144
f,256,6272
f,384,6272
f,512,6272
f,640,6272
f,768,6272
f,896,6272
f,1024,6272
f,1152,6272
f,1280,6272
f,1408,6272
f,1536,6272
f,1664,6272
f,1792,6272
f,1920,6272
f,2048,6272
f,2176,6272
f,2304,6272
f,2432,6272
f,2560,6272
f,2688,6272
f,2816,6272
f,2944,6272
f,3072,6272
f,3200,6272
f,3328,6272
f,3456,6272
f,3584,6272
f,3712,6272
f,3840,6272
f,3968,6272
f,4096,6272
f,4224,6272
f,4352,6272
f,4480,6272
f,4608,6272
f,5120,6272
f,5248,6272
f,5376,6272
f,5504,6272
f,5632,6272
f,5760,6272
f,5888,6272
f,6016,6272
f,6144,6272
f,6272,6272
f,6400,6272
f,6528,6272
f,6656,6272
f,7040,6272
f,7168,6272
f,7296,6272
f,7424,6272
f,7552,6272
f,7680,6272
f,7808,6272
f,256,6400
f,384,6400
f,512,6400
f,640,6400
f,768,6400
f,896,6400
f,1024,6400
f,1152,6400
f,1280,6400
f,1408,6400
f,1536,6400
f,1664,6400
f,1792,6400
f,1920,6400
f,2048,6400
f,2176,6400
f,2304,6400
f,2432,6400
f,2560,6400
f,2688,6400
f,2816,6400
f,2944,6400
f,3072,6400
f,3200,6400
f,3328,6400
f,3456,6400
f,3584,6400
f,3712,6400
f,3840,6400
f,3968,6400
f,4096,6400
f,4224,6400
f,4352,6400
f,4480,6400
f,4608,6400
f,4736,6400
f,4864,6400
f,4992,6400
f,5120,6400
f,5248,6400
f,5376,6400
f,5504,6400
f,5632,6400
f,5760,6400
f,5888,6400
f,6016,6400
f,6144,6400
f,6272,6400
f,6400,6400
f,6528,6400
f,6656,6400
f,7552,6400
f,7808,6400
f,256,6528
f,384,6528
f,512,6528
f,640,6528
f,768,6528
f,896,6528
f,1024,6528
f,1152,6528
f,1280,6528
f,1408,6528
f,1536,6528
f,1664,6528
f,1792,6528
f,1920,6528
f,2048,6528
f,2176,6528
f,2304,6528
f,2432,6528
f,2560,6528
f,2688,6528
f,2816,6528
f,2944,6528
f,3072,6528
f,3200,6528
f,3328,6528
f,3456,6528
f,3584,6528
f,3712,6528
f,3840,6528
f,3968,6528
f,4096,6528
f,4224,6528
f,4352,6528
f,4480,6528
f,4608,6528
f,5120,6528
f,5248,6528
f,5376,6528
f,5504,6528
f,5632,6528
f,5760,6528
f,5888,6528
f,6016,6528
f,6144,6528
f,6272,6528
f,6400,6528
f,6528,6528
f,6656,6528
f,7552,6528
f,7808,6528
f,256,6656
f,384,6656
f,512,6656
f,640,6656
f,768,6656
f,896,6656
f,1024,6656
f,1152,6656
f,1280,6656
f,1408,6656
f,1536,6656
f,1664,6656
f,1792,6656
f,1920,6656
f,2048,6656
f,2176,6656
f,2304,6656
f,2432,6656
f,2560,6656
f,2688,6656
f,2816,6656
f,2944,6656
f,3072,6656
f,3200,6656
f,3328,6656
f,3456,6656
f,3584,6656
f,3712,6656
f,3840,6656
f,3968,6656
f,4096,6656
f,4224,6656
f,4352,6656
f,4480,6656
f,4608,6656
f,5120,6656
f,5248,6656
f,5376,6656
f,5504,6656
f,5632,6656
f,5760,6656
f,5888,6656
f,6016,6656
f,6144,6656
f,6272,6656
f,6400,6656
f,6528,6656
f,6656,6656
f,7552,6656
f,7808,6656
f,256,6784
f,384,6784
f,512,6784
f,640,6784
f,768,6784
f,896,6784
f,1024,6784
f,1152,6784
f,1280,6784
f,1408,6784
f,1536,6784
f,1664,6784
f,1792,6784
f,1920,6784
f,2048,6784
f,2176,6784
f,2304,6784
f,2432,6784
f,2560,6784
f,2688,6784
f,2816,6784
f,2944,6784
f,3072,6784
f,3200,6784
f,3328,6784
f,3456,6784
f,3584,6784
f,3712,6784
f,3840,6784
f,3968,6784
f,4096,6784
f,4224,6784
f,4352,6784
f,4480,6784
f,4608,6784
f,5120,6784
f,5248,6784
f,5376,6784
f,5504,6784
f,5632,6784
f,5760,6784
f,5888,6784
f,6016,6784
f,6144,6784
f,6272,6784
f,6400,6784
f,6528,6784
f,6656,6784
f,7552,6784
f,256,6912
f,384,6912
f,512,6912
f,640,6912
f,768,6912
f,896,6912
f,1024,6912
f,1152,6912
f,1280,6912
f,1408,6912
f,1536,6912
f,1664,6912
f,1792,6912
f,1920,6912
f,2048,6912
f,2176,6912
f,2304,6912
f,2432,6912
f,2560,6912
f,2688,6912
f,2816,6912
f,2944,6912
f,3072,6912
f,3200,6912
f,3328,6912
f,3456,6912
f,3584,6912
f,3712,6912
f,3840,6912
f,3968,6912
f,4096,6912
f,4224,6912
f,4352,6912
f,4480,6912
f,4608,6912
f,4736,6912
f,4864,6912
f,4992,6912
f,5120,6912
f,5248,6912
f,5376,6912
f,5504,6912
f,5632,6912
f,5760,6912
f,5888,6912
f,6016,6912
f,6144,6912
f,6272,6912
f,6400,6912
f,6528,6912
f,6656,6912
f,6784,6912
f,6912,6912
f,7040,6912
f,7168,6912
f,7296,6912
f,7424,6912
f,7552,6912
f,256,7040
f,384,7040
f,512,7040
f,640,7040
f,768,7040
f,896,7040
f,1024,7040
f,1152,7040
f,1280,7040
f,1408,7040
f,1536,7040
f,1664,7040
f,1792,7040
f,1920,7040
f,2048,7040
f,2176,7040
f,2304,7040
f,2432,7040
f,2560,7040
f,2688,7040
f,2816,7040
f,2944,7040
f,3584,7040
f,5120,7040
f,5248,7040
f,5376,7040
f,5504,7040
f,5632,7040
f,5760,7040
f,5888,7040
f,6016,7040
f,6144,7040
f,6272,7040
f,6400,7040
f,6528,7040
f,6656,7040
f,256,7168
f,384,7168
f,512,7168
f,640,7168
f,768,7168
f,896,7168
f,1024,7168
f,1152,7168
f,1280,7168
f,1408,7168
f,1536,7168
f,1664,7168
f,1792,7168
f,1920,7168
f,2048,7168
f,2176,7168
f,3584,7168
f,5120,7168
f,5248,7168
f,5376,7168
f,5504,7168
f,5632,7168
f,5760,7168
f,5888,7168
f,6016,7168
f,6144,7168
f,6272,7168
f,6400,7168
f,6528,7168
f,6656,7168
f,256,7296
f,384,7296
f,512,7296
f,640,7296
f,768,7296
f,896,7296
f,1024,7296
f,1152,7296
f,1280,7296
f,1408,7296
f,1536,7296
f,1664,7296
f,1792,7296
f,1920,7296
f,2048,7296
f,2176,7296
f,3584,7296
f,5120,7296
f,5248,7296
f,5376,7296
f,5504,7296
f,5632,7296
f,5760,7296
f,5888,7296
f,6016,7296
f,6144,7296
f,6272,7296
f,6400,7296
f,6528,7296
f,6656,7296
f,3584,7424
f,5120,7424
f,5248,7424
f,5376,7424
f,5504,7424
f,5632,7424
f,5760,7424
f,5888,7424
f,6016,7424
f,6144,7424
f,6272,7424
f,6400,7424
f,6528,7424
f,6656,7424
f,1920,7552
f,2048,7552
f,2176,7552
f,2304,7552
f,2432,7552
f,2560,7552
f,2688,7552
f,2816,7552
f,2944,7552
f,3072,7552
f,3200,7552
f,3328,7552
f,3456,7552
f,3584,7552
f,5120,7552
f,5248,7552
f,5376,7552
f,5504,7552
f,5632,7552
f,5760,7552
f,5888,7552
f,6016,7552
f,6144,7552
f,6272,7552
f,6400,7552
f,6528,7552
f,6656,7552
f,5120,7680
f,5248,7680
f,5376,7680
f,5504,7680
f,5632,7680
f,5760,7680
f,5888,7680
f,6016,7680
f,6144,7680
f,6272,7680
f,6400,7680
f,6528,7680
f,6656,7680
f,5120,7808
f,5248,7808
f,5376,7808
f,5504,7808
f,5632,7808
f,5760,7808
f,5888,7808
f,6016,7808
f,6144,7808
f,6272,7808
f,6400,7808
f,6528,7808
f,6656,7808
b,4224,128
b,4352,128
b,4480,128
b,4608,128
b,4736,128
b,4864,128
b,4992,128
b,5120,128
b,5248,128
b,5376,128
b,5504,128
b,5632,128
b,5760,128
b,5888,128
b,6016,128
b,6144,128
b,6272,128
b,4224,256
b,6272,256
b,2304,384
b,2432,384
b,2560,384
b,2688,384
b,2816,384
b,2944,384
b,3072,384
b,3200,384
b,3328,384
b,3456,384
b,3584,384
b,3712,384
b,4224,384
b,6272,384
b,2304,512
b,3712,512
b,3840,512
b,3968,512
b,4096,512
b,4224,512
b,6272,512
b,6400,512
b,6528,512
b,6656,512
b,6784,512
b,2304,640
b,6784,640
b,896,768
b,1024,768
b,1152,768
b,1280,768
b,1408,768
b,1536,768
b,1664,768
b,1792,768
b,1920,768
b,2048,768
b,2176,768
b,2304,768
b,3712,768
b,3840,768
b,3968,768
b,4096,768
b,4224,768
b,6272,768
b,6400,768
b,6528,768
b,6784,768
b,896,896
b,3712,896
b,4224,896
b,6272,896
b,6528,896
b,6784,896
b,896,1024
b,2048,1024
b,2176,1024
b,2304,1024
b,3712,1024
b,4224,1024
b,6272,1024
b,6528,1024
b,6784,1024
b,896,1152
b,2048,1152
b,2304,1152
b,3712,1152
b,3840,1152
b,3968,1152
b,4224,1152
b,6272,1152
b,6528,1152
b,6784,1152
b,896,1280
b,2048,1280
b,2176,1280
b,2304,1280
b,3712,1280
b,3968,1280
b,4224,1280
b,6272,1280
b,6400,1280
b,6528,1280
b,6784,1280
b,6912,1280
b,7040,1280
b,7168,1280
b,7296,1280
b,7424,1280
b,7552,1280
b,7680,1280
b,7808,1280
b,896,1408
b,3968,1408
b,4096,1408
b,4224,1408
b,7808,1408
b,7936,1408
b,8064,1408
b,896,1536
b,6272,1536
b,6400,1536
b,6528,1536
b,6784,1536
b,6912,1536
b,8064,1536
b,896,1664
b,3968,1664
b,4096,1664
b,4224,1664
b,6272,1664
b,6528,1664
b,6784,1664
b,6912,1664
b,8064,1664
b,896,1792
b,3968,1792
b,4224,1792
b,6272,1792
b,6528,1792
b,6784,1792
b,6912,1792
b,8064,1792
b,896,1920
b,3968,1920
b,4224,1920
b,6272,1920
b,6528,1920
b,6784,1920
b,6912,1920
b,8064,1920
b,896,2048
b,3968,2048
b,4224,2048
b,6272,2048
b,6528,2048
b,6784,2048
b,6912,2048
b,8064,2048
b,896,2176
b,3968,2176
b,4224,2176
b,6272,2176
b,6528,2176
b,6784,2176
b,6912,2176
b,8064,2176
b,896,2304
b,3968,2304
b,4224,2304
b,6272,2304
b,6528,2304
b,6784,2304
b,6912,2304
b,8064,2304
b,896,2432
b,3968,2432
b,4224,2432
b,6272,2432
b,6528,2432
b,6784,2432
b,6912,2432
b,8064,2432
b,896,2560
b,3968,2560
b,4224,2560
b,4480,2560
b,4608,2560
b,4736,2560
b,4864,2560
b,4992,2560
b,5376,2560
b,5504,2560
b,5632,2560
b,5760,2560
b,6016,2560
b,6272,2560
b,6528,2560
b,6784,2560
b,6912,2560
b,8064,2560
b,896,2688
b,3968,2688
b,4224,2688
b,4480,2688
b,4992,2688
b,5376,2688
b,5760,2688
b,6016,2688
b,6272,2688
b,6528,2688
b,6784,2688
b,6912,2688
b,8064,2688
b,896,2816
b,3968,2816
b,4096,2816
b,4224,2816
b,4480,2816
b,4608,2816
b,4736,2816
b,4864,2816
b,4992,2816
b,5376,2816
b,5760,2816
b,6016,2816
b,6272,2816
b,6528,2816
b,6784,2816
b,6912,2816
b,8064,2816
b,896,2944
b,5376,2944
b,5504,2944
b,5632,2944
b,5760,2944
b,6016,2944
b,6272,2944
b,6400,2944
b,6528,2944
b,6784,2944
b,6912,2944
b,8064,2944
b,896,3072
b,8064,3072
b,896,3200
b,5376,3200
b,5504,3200
b,5632,3200
b,5760,3200
b,6016,3200
b,6272,3200
b,6400,3200
b,6528,3200
b,6784,3200
b,6912,3200
b,8064,3200
b,512,3328
b,640,3328
b,768,3328
b,896,3328
b,3328,3328
b,3712,3328
b,3840,3328
b,5376,3328
b,5760,3328
b,6016,3328
b,6272,3328
b,6528,3328
b,6784,3328
b,6912,3328
b,8064,3328
b,512,3456
b,3328,3456
b,3712,3456
b,3840,3456
b,5376,3456
b,5760,3456
b,6016,3456
b,6272,3456
b,6528,3456
b,6784,3456
b,6912,3456
b,8064,3456
b,512,3584
b,640,3584
b,768,3584
b,896,3584
b,3200,3584
b,3328,3584
b,3712,3584
b,3840,3584
b,5376,3584
b,5504,3584
b,5632,3584
b,5760,3584
b,6016,3584
b,6272,3584
b,6528,3584
b,6784,3584
b,6912,3584
b,8064,3584
b,896,3712
b,6016,3712
b,6272,3712
b,6528,3712
b,6784,3712
b,6912,3712
b,8064,3712
b,896,3840
b,6272,3840
b,6528,3840
b,6784,3840
b,6912,3840
b,7040,3840
b,7168,3840
b,7296,3840
b,7680,3840
b,7936,3840
b,8064,3840
b,896,3968
b,3200,3968
b,3328,3968
b,3712,3968
b,3840,3968
b,5376,3968
b,5504,3968
b,5632,3968
b,5760,3968
b,5888,3968
b,6272,3968
b,6528,3968
b,6784,3968
b,7296,3968
b,7680,3968
b,7936,3968
b,896,4096
b,3200,4096
b,3328,4096
b,3712,4096
b,3840,4096
b,5504,4096
b,5888,4096
b,6272,4096
b,6528,4096
b,6784,4096
b,7296,4096
b,7680,4096
b,7936,4096
b,896,4224
b,3200,4224
b,3328,4224
b,3712,4224
b,3840,4224
b,5504,4224
b,5888,4224
b,6272,4224
b,6528,4224
b,6784,4224
b,6912,4224
b,7040,4224
b,7168,4224
b,7296,4224
b,7680,4224
b,7936,4224
b,896,4352
b,3200,4352
b,3328,4352
b,3712,4352
b,3840,4352
b,5504,4352
b,5888,4352
b,6272,4352
b,6528,4352
b,6784,4352
b,6912,4352
b,7936,4352
b,896,4480
b,1024,4480
b,1152,4480
b,1280,4480
b,1408,4480
b,1664,4480
b,1792,4480
b,1920,4480
b,2048,4480
b,2176,4480
b,2304,4480
b,2432,4480
b,2560,4480
b,2944,4480
b,3072,4480
b,3200,4480
b,3328,4480
b,3712,4480
b,3840,4480
b,5504,4480
b,5888,4480
b,6272,4480
b,6528,4480
b,6784,4480
b,6912,4480
b,7936,4480
b,1408,4608
b,3200,4608
b,3328,4608
b,3712,4608
b,3840,4608
b,5504,4608
b,5632,4608
b,5760,4608
b,5888,4608
b,6272,4608
b,6528,4608
b,6784,4608
b,6912,4608
b,7936,4608
b,1408,4736
b,6272,4736
b,6400,4736
b,6528,4736
b,6784,4736
b,6912,4736
b,7936,4736
b,1408,4864
b,6784,4864
b,6912,4864
b,7936,4864
b,1408,4992
b,7936,4992
b,1408,5120
b,7936,5120
b,1408,5248
b,3200,5248
b,3328,5248
b,3456,5248
b,3712,5248
b,3840,5248
b,5504,5248
b,5632,5248
b,5760,5248
b,5888,5248
b,6144,5248
b,6272,5248
b,6400,5248
b,6528,5248
b,6784,5248
b,6912,5248
b,7936,5248
b,1408,5376
b,3200,5376
b,3456,5376
b,3712,5376
b,3840,5376
b,5504,5376
b,5888,5376
b,6144,5376
b,6528,5376
b,6784,5376
b,6912,5376
b,7936,5376
b,1408,5504
b,1536,5504
b,1664,5504
b,1792,5504
b,1920,5504
b,2176,5504
b,2304,5504
b,2432,5504
b,2560,5504
b,2688,5504
b,2816,5504
b,2944,5504
b,3072,5504
b,3200,5504
b,3456,5504
b,3712,5504
b,3840,5504
b,3968,5504
b,4096,5504
b,4224,5504
b,4480,5504
b,4608,5504
b,4736,5504
b,4864,5504
b,4992,5504
b,5120,5504
b,5504,5504
b,5888,5504
b,6144,5504
b,6528,5504
b,6784,5504
b,6912,5504
b,7936,5504
b,1920,5632
b,2176,5632
b,2304,5632
b,2432,5632
b,2560,5632
b,2688,5632
b,2816,5632
b,2944,5632
b,3072,5632
b,3200,5632
b,3328,5632
b,3456,5632
b,3712,5632
b,3840,5632
b,3968,5632
b,4096,5632
b,4224,5632
b,4480,5632
b,4608,5632
b,4736,5632
b,4864,5632
b,4992,5632
b,5120,5632
b,5504,5632
b,5632,5632
b,5760,5632
b,5888,5632
b,6144,5632
b,6272,5632
b,6400,5632
b,6528,5632
b,6784,5632
b,6912,5632
b,7936,5632
b,1920,5760
b,2176,5760
b,7936,5760
b,1920,5888
b,2176,5888
b,4736,5888
b,4864,5888
b,4992,5888
b,5120,5888
b,5504,5888
b,5632,5888
b,5760,5888
b,5888,5888
b,6144,5888
b,6272,5888
b,6400,5888
b,6528,5888
b,6784,5888
b,6912,5888
b,7936,5888
b,1920,6016
b,2176,6016
b,4736,6016
b,4992,6016
b,5120,6016
b,5504,6016
b,5632,6016
b,5760,6016
b,5888,6016
b,6144,6016
b,6272,6016
b,6400,6016
b,6528,6016
b,6784,6016
b,6912,6016
b,7936,6016
b,128,6144
b,256,6144
b,384,6144
b,512,6144
b,640,6144
b,768,6144
b,896,6144
b,1024,6144
b,1152,6144
b,1280,6144
b,1408,6144
b,1536,6144
b,1664,6144
b,1792,6144
b,1920,6144
b,2176,6144
b,4736,6144
b,4992,6144
b,6784,6144
b,6912,6144
b,7936,6144
b,128,6272
b,4736,6272
b,4864,6272
b,4992,6272
b,6784,6272
b,6912,6272
b,7936,6272
b,128,6400
b,6784,6400
b,6912,6400
b,7040,6400
b,7168,6400
b,7296,6400
b,7424,6400
b,7680,6400
b,7936,6400
b,128,6528
b,4736,6528
b,4864,6528
b,4992,6528
b,6784,6528
b,7424,6528
b,7680,6528
b,7936,6528
b,128,6656
b,4736,6656
b,4992,6656
b,6784,6656
b,7424,6656
b,7680,6656
b,7936,6656
b,128,6784
b,4736,6784
b,4864,6784
b,4992,6784
b,6784,6784
b,6912,6784
b,7040,6784
b,7168,6784
b,7296,6784
b,7424,6784
b,7680,6784
b,7808,6784
b,7936,6784
b,128,6912
b,7680,6912
b,128,7040
b,3072,7040
b,3200,7040
b,3328,7040
b,3456,7040
b,3712,7040
b,3840,7040
b,3968,7040
b,4096,7040
b,4224,7040
b,4352,7040
b,4480,7040
b,4608,7040
b,4736,7040
b,4864,7040
b,4992,7040
b,6784,7040
b,6912,7040
b,7040,7040
b,7168,7040
b,7296,7040
b,7424,7040
b,7552,7040
b,7680,7040
b,128,7168
b,2304,7168
b,2432,7168
b,2560,7168
b,2688,7168
b,2816,7168
b,2944,7168
b,3072,7168
b,3456,7168
b,3712,7168
b,4992,7168
b,6784,7168
b,128,7296
b,2304,7296
b,3456,7296
b,3712,7296
b,4992,7296
b,6784,7296
b,128,7424
b,256,7424
b,384,7424
b,512,7424
b,640,7424
b,768,7424
b,896,7424
b,1024,7424
b,1152,7424
b,1280,7424
b,1408,7424
b,1536,7424
b,1664,7424
b,1792,7424
b,1920,7424
b,2048,7424
b,2176,7424
b,2304,7424
b,2432,7424
b,2560,7424
b,2688,7424
b,2816,7424
b,2944,7424
b,3072,7424
b,3200,7424
b,3328,7424
b,3456,7424
b,3712,7424
b,4992,7424
b,6784,7424
b,1792,7552
b,3712,7552
b,4992,7552
b,6784,7552
b,1792,7680
b,1920,7680
b,2048,7680
b,2176,7680
b,2304,7680
b,2432,7680
b,2560,7680
b,2688,7680
b,2816,7680
b,2944,7680
b,3072,7680
b,3200,7680
b,3328,7680
b,3456,7680
b,3584,7680
b,3712,7680
b,4992,7680
b,6784,7680
b,4992,7808
b,6784,7808
b,4992,7936
b,5120,7936
b,5248,7936
b,5376,7936
b,5504,7936
b,5632,7936
b,5760,7936
b,5888,7936
b,6016,7936
b,6144,7936
b,6272,7936
b,6400,7936
b,6528,7936
b,6656,7936
b,6784,7936
o,5760,256
o,4352,384
o,2816,640
o,5376,640
o,5760,640
o,2560,768
o,2816,768
o,3072,768
o,3200,768
o,4992,768
o,5248,768
o,1152,896
o,1792,896
o,2176,896
o,1536,1024
o,4992,1024
o,5504,1024
o,5760,1024
o,1920,1152
o,2560,1152
o,3072,1152
o,4608,1152
o,4992,1152
o,2560,1280
o,2816,1280
o,3584,1280
o,4480,1280
o,5760,1280
o,1280,1408
o,2432,1408
o,3584,1408
o,5376,1408
o,6528,1408
o,7424,1408
o,4736,1536
o,7680,1536
o,2432,1664
o,2688,1664
o,2816,1664
o,4992,1664
o,7168,1664
o,2048,1792
o,2816,1792
o,7424,1792
o,2048,1920
o,2176,1920
o,3328,1920
o,4736,1920
o,4992,1920
o,7936,1920
o,2688,2048
o,3200,2048
o,5504,2048
o,2816,2176
o,3328,2176
o,3840,2176
o,7808,2176
o,2560,2304
o,1536,2432
o,2176,2432
o,2944,2432
o,7680,2432
o,1536,2560
o,2560,2560
o,2048,2688
o,2176,2688
o,5888,2688
o,6144,2688
o,7424,2688
o,1280,2816
o,1536,2816
o,1664,2816
o,3456,2816
o,3712,2816
o,4352,2816
o,7680,2816
o,1152,3072
o,1792,3072
o,2816,3072
o,3456,3072
o,3584,3072
o,3840,3072
o,6016,3072
o,7808,3072
o,1664,3200
o,4608,3328
o,4992,3328
o,6656,3328
o,640,3456
o,4096,3456
o,4608,3456
o,7808,3456
o,1536,3584
o,7552,3584
o,4608,3712
o,4736,3712
o,7296,3712
o,2304,3840
o,3712,3840
o,4224,3840
o,4480,3840
o,5376,3840
o,5504,3840
o,6144,3840
o,1280,3968
o,2048,3968
o,2816,3968
o,5120,3968
o,2432,4096
o,4480,4096
o,7424,4096
o,1536,4224
o,2176,4224
o,5376,4224
o,1280,4352
o,2944,4352
o,7808,4352
o,1792,4608
o,4864,4608
o,5248,4608
o,2560,4736
o,1920,4864
o,2688,4864
o,7168,4864
o,4352,5120
o,4864,5120
o,5504,5120
o,6400,5120
o,2176,5376
o,2560,5376
o,4608,5376
o,7296,5504
o,4096,5760
o,5888,5760
o,7040,5760
o,7552,5760
o,3328,5888
o,3712,5888
o,4096,6016
o,6016,6016
o,3968,6144
o,4096,6144
o,5248,6144
o,5376,6144
o,5504,6144
o,6016,6144
o,7040,6144
o,7552,6144
o,2432,6272
o,5888,6272
o,384,6400
o,640,6400
o,768,6400
o,1280,6400
o,1408,6400
o,3200,6400
o,4864,6400
o,6144,6400
o,7552,6400
o,256,6528
o,7808,6528
o,5120,6656
o,384,6784
o,7296,6912
o,7552,6912
o,640,7040
o,1920,7040
o,2048,7040
o,2688,7040
o,6656,7040
o,2176,7168
o,3584,7168
o,256,7296
o,2176,7552
o,3584,7552
o,6528,7808
o,6656,7808
e,5044.834030168104,4407.19543106809,100
e,4985.736907593154,4781.074780782409,100
e,4986.1743850935145,4778.94966871558,100
e,4969.090734344543,4685.2023904585985,100
e,4969.0907341465845,4685.202390457105,100
e,4997.9703717685015,4718.455694440173,100
e,4969.090734219412,4685.202390457655,100
e,4969.090734220208,4685.202390457661,100
e,4969.090734367424,4685.202390458771,100
e,4969.090734202479,4685.202390457528,100
e,4969.0907342538,4685.202390457914,100
e,5040.837176231039,4430.044999663782,100
e,4806.762269821869,5200.882065414896,100
e,4806.762269817907,5200.882065414973,100
e,4969.090734344568,4685.2023904585985,100
e,2289.0,753.0,100
e,4816.190677477266,5474.793647923558,100
e,5001.552657096681,4706.321374889385,100
a,-1,-1
m,3456,2432
m,1536,3712
m,7936,1792
m,2048,7168
m,5888,4864
md,1536.0,2816.0
md,1664.0,1536.0
md,3968.0,3456.0
md,4608.0,5376.0
md,4096.0,6016.0
