p,7308.0,4066.689541464984,60.0,0.0
w,2048.0,0.0
w,2176.0,0.0
w,2304.0,0.0
w,2432.0,0.0
w,2560.0,0.0
w,2688.0,0.0
w,2816.0,0.0
w,2944.0,0.0
w,3072.0,0.0
w,3200.0,0.0
w,3328.0,0.0
w,3456.0,0.0
w,3584.0,0.0
w,3712.0,0.0
w,2048.0,128.0
w,3712.0,128.0
w,2048.0,256.0
w,3712.0,256.0
w,2048.0,384.0
w,3712.0,384.0
w,2048.0,512.0
w,3712.0,512.0
w,3840.0,512.0
w,3968.0,512.0
w,4096.0,512.0
w,4224.0,512.0
w,4352.0,512.0
w,4480.0,512.0
w,4608.0,512.0
w,4736.0,512.0
w,4864.0,512.0
w,4992.0,512.0
w,2048.0,640.0
w,3712.0,640.0
w,3840.0,640.0
w,4992.0,640.0
w,5120.0,640.0
w,5248.0,640.0
w,5376.0,640.0
w,2048.0,768.0
w,5376.0,768.0
w,2048.0,896.0
w,3712.0,896.0
w,3840.0,896.0
w,4992.0,896.0
w,5120.0,896.0
w,5376.0,896.0
w,5760.0,896.0
w,5888.0,896.0
w,6016.0,896.0
w,6144.0,896.0
w,6272.0,896.0
w,6400.0,896.0
w,6528.0,896.0
w,6656.0,896.0
w,6784.0,896.0
w,6912.0,896.0
w,7040.0,896.0
w,7168.0,896.0
w,7296.0,896.0
w,7424.0,896.0
w,7552.0,896.0
w,7680.0,896.0
w,128.0,1024.0
w,256.0,1024.0
w,384.0,1024.0
w,512.0,1024.0
w,640.0,1024.0
w,768.0,1024.0
w,896.0,1024.0
w,1024.0,1024.0
w,1152.0,1024.0
w,1280.0,1024.0
w,1408.0,1024.0
w,1536.0,1024.0
w,1664.0,1024.0
w,1792.0,1024.0
w,1920.0,1024.0
w,2048.0,1024.0
w,3712.0,1024.0
w,3840.0,1024.0
w,4992.0,1024.0
w,5120.0,1024.0
w,5376.0,1024.0
w,5760.0,1024.0
w,7680.0,1024.0
w,128.0,1152.0
w,3712.0,1152.0
w,3840.0,1152.0
w,4992.0,1152.0
w,5120.0,1152.0
w,5376.0,1152.0
w,5504.0,1152.0
w,5632.0,1152.0
w,5760.0,1152.0
w,7680.0,1152.0
w,128.0,1280.0
w,1792.0,1280.0
w,1920.0,1280.0
w,2048.0,1280.0
w,3712.0,1280.0
w,3840.0,1280.0
w,7680.0,1280.0
w,7808.0,1280.0
w,7936.0,1280.0
w,128.0,1408.0
w,1792.0,1408.0
w,2048.0,1408.0
w,7936.0,1408.0
w,128.0,1536.0
w,1792.0,1536.0
w,2048.0,1536.0
w,3712.0,1536.0
w,3840.0,1536.0
w,4992.0,1536.0
w,5120.0,1536.0
w,5376.0,1536.0
w,5504.0,1536.0
w,5632.0,1536.0
w,5760.0,1536.0
w,7680.0,1536.0
w,7808.0,1536.0
w,7936.0,1536.0
w,128.0,1664.0
w,1792.0,1664.0
w,2048.0,1664.0
w,3712.0,1664.0
w,3840.0,1664.0
w,4992.0,1664.0
w,5120.0,1664.0
w,5376.0,1664.0
w,5760.0,1664.0
w,7680.0,1664.0
w,128.0,1792.0
w,1792.0,1792.0
w,2048.0,1792.0
w,2176.0,1792.0
w,2432.0,1792.0
w,2560.0,1792.0
w,2688.0,1792.0
w,2944.0,1792.0
w,3072.0,1792.0
w,3200.0,1792.0
w,3328.0,1792.0
w,3456.0,1792.0
w,3712.0,1792.0
w,3840.0,1792.0
w,4992.0,1792.0
w,5120.0,1792.0
w,5376.0,1792.0
w,5760.0,1792.0
w,7680.0,1792.0
w,128.0,1920.0
w,1792.0,1920.0
w,2176.0,1920.0
w,2432.0,1920.0
w,2688.0,1920.0
w,2944.0,1920.0
w,3456.0,1920.0
w,3712.0,1920.0
w,3840.0,1920.0
w,4992.0,1920.0
w,5120.0,1920.0
w,5376.0,1920.0
w,5760.0,1920.0
w,7680.0,1920.0
w,128.0,2048.0
w,1792.0,2048.0
w,1920.0,2048.0
w,2176.0,2048.0
w,2432.0,2048.0
w,2688.0,2048.0
w,2944.0,2048.0
w,3456.0,2048.0
w,3712.0,2048.0
w,3840.0,2048.0
w,4992.0,2048.0
w,5120.0,2048.0
w,5376.0,2048.0
w,5760.0,2048.0
w,7680.0,2048.0
w,128.0,2176.0
w,256.0,2176.0
w,512.0,2176.0
w,640.0,2176.0
w,896.0,2176.0
w,1024.0,2176.0
w,1152.0,2176.0
w,1280.0,2176.0
w,1408.0,2176.0
w,1664.0,2176.0
w,1920.0,2176.0
w,2176.0,2176.0
w,2432.0,2176.0
w,2688.0,2176.0
w,2944.0,2176.0
w,3456.0,2176.0
w,3712.0,2176.0
w,3840.0,2176.0
w,4992.0,2176.0
w,5120.0,2176.0
w,5376.0,2176.0
w,5760.0,2176.0
w,7680.0,2176.0
w,256.0,2304.0
w,512.0,2304.0
w,640.0,2304.0
w,896.0,2304.0
w,1408.0,2304.0
w,1664.0,2304.0
w,1920.0,2304.0
w,2048.0,2304.0
w,2176.0,2304.0
w,2432.0,2304.0
w,2560.0,2304.0
w,2688.0,2304.0
w,2944.0,2304.0
w,3072.0,2304.0
w,3200.0,2304.0
w,3328.0,2304.0
w,3456.0,2304.0
w,3712.0,2304.0
w,3840.0,2304.0
w,4992.0,2304.0
w,5120.0,2304.0
w,5376.0,2304.0
w,5504.0,2304.0
w,5632.0,2304.0
w,5760.0,2304.0
w,7680.0,2304.0
w,256.0,2432.0
w,512.0,2432.0
w,640.0,2432.0
w,896.0,2432.0
w,1408.0,2432.0
w,7680.0,2432.0
w,256.0,2560.0
w,512.0,2560.0
w,640.0,2560.0
w,896.0,2560.0
w,1408.0,2560.0
w,7680.0,2560.0
w,256.0,2688.0
w,512.0,2688.0
w,640.0,2688.0
w,896.0,2688.0
w,1408.0,2688.0
w,4992.0,2688.0
w,5120.0,2688.0
w,5376.0,2688.0
w,5504.0,2688.0
w,5632.0,2688.0
w,5760.0,2688.0
w,7680.0,2688.0
w,256.0,2816.0
w,512.0,2816.0
w,640.0,2816.0
w,896.0,2816.0
w,1024.0,2816.0
w,1152.0,2816.0
w,1280.0,2816.0
w,1408.0,2816.0
w,7680.0,2816.0
w,256.0,2944.0
w,1408.0,2944.0
w,4992.0,2944.0
w,5120.0,2944.0
w,5376.0,2944.0
w,5504.0,2944.0
w,5632.0,2944.0
w,5760.0,2944.0
w,5888.0,2944.0
w,6016.0,2944.0
w,6144.0,2944.0
w,6272.0,2944.0
w,6400.0,2944.0
w,6528.0,2944.0
w,6656.0,2944.0
w,6784.0,2944.0
w,6912.0,2944.0
w,7040.0,2944.0
w,7168.0,2944.0
w,7424.0,2944.0
w,7552.0,2944.0
w,7680.0,2944.0
w,256.0,3072.0
w,1408.0,3072.0
w,6784.0,3072.0
w,7168.0,3072.0
w,7424.0,3072.0
w,256.0,3200.0
w,1408.0,3200.0
w,4096.0,3200.0
w,4352.0,3200.0
w,4608.0,3200.0
w,4864.0,3200.0
w,4992.0,3200.0
w,5120.0,3200.0
w,5376.0,3200.0
w,5504.0,3200.0
w,5632.0,3200.0
w,5760.0,3200.0
w,5888.0,3200.0
w,6016.0,3200.0
w,6144.0,3200.0
w,6272.0,3200.0
w,6400.0,3200.0
w,6528.0,3200.0
w,6656.0,3200.0
w,6784.0,3200.0
w,7168.0,3200.0
w,7424.0,3200.0
w,256.0,3328.0
w,1408.0,3328.0
w,4096.0,3328.0
w,4352.0,3328.0
w,4608.0,3328.0
w,4864.0,3328.0
w,5120.0,3328.0
w,5376.0,3328.0
w,7168.0,3328.0
w,7424.0,3328.0
w,256.0,3456.0
w,4096.0,3456.0
w,4352.0,3456.0
w,4608.0,3456.0
w,4864.0,3456.0
w,5120.0,3456.0
w,5376.0,3456.0
w,7168.0,3456.0
w,7424.0,3456.0
w,256.0,3584.0
w,1408.0,3584.0
w,4096.0,3584.0
w,4352.0,3584.0
w,4608.0,3584.0
w,4864.0,3584.0
w,5120.0,3584.0
w,5376.0,3584.0
w,7168.0,3584.0
w,7424.0,3584.0
w,256.0,3712.0
w,1408.0,3712.0
w,4096.0,3712.0
w,4352.0,3712.0
w,4608.0,3712.0
w,4864.0,3712.0
w,5120.0,3712.0
w,5376.0,3712.0
w,7168.0,3712.0
w,7424.0,3712.0
w,256.0,3840.0
w,1408.0,3840.0
w,1536.0,3840.0
w,1664.0,3840.0
w,1920.0,3840.0
w,2048.0,3840.0
w,2176.0,3840.0
w,2432.0,3840.0
w,2560.0,3840.0
w,2688.0,3840.0
w,2944.0,3840.0
w,3072.0,3840.0
w,3200.0,3840.0
w,3328.0,3840.0
w,3456.0,3840.0
w,3712.0,3840.0
w,3840.0,3840.0
w,4096.0,3840.0
w,4352.0,3840.0
w,4608.0,3840.0
w,4864.0,3840.0
w,4992.0,3840.0
w,5120.0,3840.0
w,5376.0,3840.0
w,5504.0,3840.0
w,5632.0,3840.0
w,5760.0,3840.0
w,5888.0,3840.0
w,7168.0,3840.0
w,7424.0,3840.0
w,256.0,3968.0
w,1408.0,3968.0
w,1664.0,3968.0
w,1920.0,3968.0
w,2176.0,3968.0
w,2432.0,3968.0
w,2688.0,3968.0
w,2944.0,3968.0
w,3456.0,3968.0
w,5888.0,3968.0
w,7168.0,3968.0
w,7424.0,3968.0
w,256.0,4096.0
w,1408.0,4096.0
w,1664.0,4096.0
w,1920.0,4096.0
w,2176.0,4096.0
w,2432.0,4096.0
w,2688.0,4096.0
w,2944.0,4096.0
w,3456.0,4096.0
w,5888.0,4096.0
w,7168.0,4096.0
w,7424.0,4096.0
w,256.0,4224.0
w,1408.0,4224.0
w,1664.0,4224.0
w,1920.0,4224.0
w,2176.0,4224.0
w,2432.0,4224.0
w,2688.0,4224.0
w,2944.0,4224.0
w,3456.0,4224.0
w,5888.0,4224.0
w,7168.0,4224.0
w,7424.0,4224.0
w,256.0,4352.0
w,1408.0,4352.0
w,1664.0,4352.0
w,1920.0,4352.0
w,2176.0,4352.0
w,2432.0,4352.0
w,2688.0,4352.0
w,2944.0,4352.0
w,3456.0,4352.0
w,5888.0,4352.0
w,7168.0,4352.0
w,7424.0,4352.0
w,256.0,4480.0
w,1408.0,4480.0
w,1536.0,4480.0
w,1664.0,4480.0
w,1920.0,4480.0
w,2048.0,4480.0
w,2176.0,4480.0
w,2432.0,4480.0
w,2560.0,4480.0
w,2688.0,4480.0
w,2944.0,4480.0
w,3072.0,4480.0
w,3200.0,4480.0
w,3328.0,4480.0
w,3456.0,4480.0
w,5888.0,4480.0
w,7168.0,4480.0
w,7424.0,4480.0
w,256.0,4608.0
w,5888.0,4608.0
w,7168.0,4608.0
w,7424.0,4608.0
w,256.0,4736.0
w,512.0,4736.0
w,640.0,4736.0
w,768.0,4736.0
w,1024.0,4736.0
w,1152.0,4736.0
w,5888.0,4736.0
w,7168.0,4736.0
w,7424.0,4736.0
w,256.0,4864.0
w,512.0,4864.0
w,768.0,4864.0
w,5888.0,4864.0
w,7168.0,4864.0
w,7424.0,4864.0
w,256.0,4992.0
w,512.0,4992.0
w,768.0,4992.0
w,1152.0,4992.0
w,1408.0,4992.0
w,1536.0,4992.0
w,1664.0,4992.0
w,1920.0,4992.0
w,2048.0,4992.0
w,2176.0,4992.0
w,2432.0,4992.0
w,2560.0,4992.0
w,2688.0,4992.0
w,2944.0,4992.0
w,3072.0,4992.0
w,3200.0,4992.0
w,3328.0,4992.0
w,3456.0,4992.0
w,5888.0,4992.0
w,7168.0,4992.0
w,7424.0,4992.0
w,256.0,5120.0
w,512.0,5120.0
w,768.0,5120.0
w,1152.0,5120.0
w,1408.0,5120.0
w,1664.0,5120.0
w,1920.0,5120.0
w,2176.0,5120.0
w,2432.0,5120.0
w,2688.0,5120.0
w,2944.0,5120.0
w,3456.0,5120.0
w,5888.0,5120.0
w,6016.0,5120.0
w,6144.0,5120.0
w,6272.0,5120.0
w,7168.0,5120.0
w,7424.0,5120.0
w,256.0,5248.0
w,512.0,5248.0
w,768.0,5248.0
w,1152.0,5248.0
w,1408.0,5248.0
w,1664.0,5248.0
w,1920.0,5248.0
w,2176.0,5248.0
w,2432.0,5248.0
w,2688.0,5248.0
w,2944.0,5248.0
w,3456.0,5248.0
w,3712.0,5248.0
w,3840.0,5248.0
w,3968.0,5248.0
w,4096.0,5248.0
w,6272.0,5248.0
w,7168.0,5248.0
w,7424.0,5248.0
w,0.0,5376.0
w,128.0,5376.0
w,256.0,5376.0
w,512.0,5376.0
w,640.0,5376.0
w,768.0,5376.0
w,1152.0,5376.0
w,1408.0,5376.0
w,1536.0,5376.0
w,1664.0,5376.0
w,1920.0,5376.0
w,2048.0,5376.0
w,2176.0,5376.0
w,2432.0,5376.0
w,2688.0,5376.0
w,2944.0,5376.0
w,3456.0,5376.0
w,3712.0,5376.0
w,4096.0,5376.0
w,6272.0,5376.0
w,7168.0,5376.0
w,7424.0,5376.0
w,0.0,5504.0
w,2432.0,5504.0
w,2688.0,5504.0
w,2944.0,5504.0
w,3456.0,5504.0
w,3712.0,5504.0
w,4096.0,5504.0
w,6272.0,5504.0
w,7168.0,5504.0
w,7424.0,5504.0
w,0.0,5632.0
w,2432.0,5632.0
w,2560.0,5632.0
w,2688.0,5632.0
w,2944.0,5632.0
w,3072.0,5632.0
w,3200.0,5632.0
w,3328.0,5632.0
w,3456.0,5632.0
w,3712.0,5632.0
w,4096.0,5632.0
w,6272.0,5632.0
w,7168.0,5632.0
w,7424.0,5632.0
w,0.0,5760.0
w,2432.0,5760.0
w,2560.0,5760.0
w,3712.0,5760.0
w,3840.0,5760.0
w,3968.0,5760.0
w,4096.0,5760.0
w,6272.0,5760.0
w,6400.0,5760.0
w,6528.0,5760.0
w,6656.0,5760.0
w,6784.0,5760.0
w,6912.0,5760.0
w,7040.0,5760.0
w,7168.0,5760.0
w,7424.0,5760.0
w,0.0,5888.0
w,7424.0,5888.0
w,0.0,6016.0
w,2432.0,6016.0
w,2560.0,6016.0
w,3712.0,6016.0
w,3840.0,6016.0
w,3968.0,6016.0
w,4096.0,6016.0
w,6272.0,6016.0
w,6400.0,6016.0
w,6528.0,6016.0
w,6656.0,6016.0
w,6784.0,6016.0
w,6912.0,6016.0
w,7040.0,6016.0
w,7168.0,6016.0
w,7296.0,6016.0
w,7424.0,6016.0
w,0.0,6144.0
w,2432.0,6144.0
w,2560.0,6144.0
w,3712.0,6144.0
w,3840.0,6144.0
w,3968.0,6144.0
w,4096.0,6144.0
w,6272.0,6144.0
w,0.0,6272.0
w,2432.0,6272.0
w,2560.0,6272.0
w,6272.0,6272.0
w,0.0,6400.0
w,2432.0,6400.0
w,2560.0,6400.0
w,3712.0,6400.0
w,3840.0,6400.0
w,3968.0,6400.0
w,4096.0,6400.0
w,6272.0,6400.0
w,0.0,6528.0
w,3712.0,6528.0
w,4096.0,6528.0
w,6272.0,6528.0
w,0.0,6656.0
w,2432.0,6656.0
w,2560.0,6656.0
w,3712.0,6656.0
w,3840.0,6656.0
w,3968.0,6656.0
w,4096.0,6656.0
w,6272.0,6656.0
w,0.0,6784.0
w,6272.0,6784.0
w,0.0,6912.0
w,6272.0,6912.0
w,0.0,7040.0
w,3584.0,7040.0
w,3712.0,7040.0
w,3840.0,7040.0
w,3968.0,7040.0
w,4096.0,7040.0
w,6272.0,7040.0
w,0.0,7168.0
w,2432.0,7168.0
w,2560.0,7168.0
w,3584.0,7168.0
w,4096.0,7168.0
w,6272.0,7168.0
w,0.0,7296.0
w,2432.0,7296.0
w,2560.0,7296.0
w,3584.0,7296.0
w,4096.0,7296.0
w,6272.0,7296.0
w,0.0,7424.0
w,2432.0,7424.0
w,2560.0,7424.0
w,3584.0,7424.0
w,4096.0,7424.0
w,6272.0,7424.0
w,0.0,7552.0
w,2432.0,7552.0
w,2560.0,7552.0
w,3584.0,7552.0
w,4096.0,7552.0
w,4224.0,7552.0
w,4352.0,7552.0
w,4480.0,7552.0
w,4608.0,7552.0
w,4736.0,7552.0
w,4864.0,7552.0
w,4992.0,7552.0
w,5120.0,7552.0
w,5248.0,7552.0
w,5376.0,7552.0
w,5504.0,7552.0
w,5632.0,7552.0
w,5760.0,7552.0
w,5888.0,7552.0
w,6016.0,7552.0
w,6144.0,7552.0
w,6272.0,7552.0
w,0.0,7680.0
w,2432.0,7680.0
w,2560.0,7680.0
w,3584.0,7680.0
w,0.0,7808.0
w,2432.0,7808.0
w,2560.0,7808.0
w,3584.0,7808.0
w,0.0,7936.0
w,2432.0,7936.0
w,2560.0,7936.0
w,3584.0,7936.0
w,0.0,8064.0
w,128.0,8064.0
w,256.0,8064.0
w,384.0,8064.0
w,512.0,8064.0
w,640.0,8064.0
w,768.0,8064.0
w,896.0,8064.0
w,1024.0,8064.0
w,1152.0,8064.0
w,1280.0,8064.0
w,1408.0,8064.0
w,1536.0,8064.0
w,1664.0,8064.0
w,1792.0,8064.0
w,1920.0,8064.0
w,2048.0,8064.0
w,2176.0,8064.0
w,2304.0,8064.0
w,2432.0,8064.0
w,2560.0,8064.0
w,2688.0,8064.0
w,2816.0,8064.0
w,2944.0,8064.0
w,3072.0,8064.0
w,3200.0,8064.0
w,3328.0,8064.0
w,3456.0,8064.0
w,3584.0,8064.0
f,2176.0,128.0
f,2304.0,128.0
f,2432.0,128.0
f,2560.0,128.0
f,2688.0,128.0
f,2816.0,128.0
f,2944.0,128.0
f,3072.0,128.0
f,3200.0,128.0
f,3328.0,128.0
f,3456.0,128.0
f,3584.0,128.0
f,2176.0,256.0
f,2304.0,256.0
f,2432.0,256.0
f,2560.0,256.0
f,2688.0,256.0
f,2816.0,256.0
f,2944.0,256.0
f,3072.0,256.0
f,3200.0,256.0
f,3328.0,256.0
f,3456.0,256.0
f,3584.0,256.0
f,2176.0,384.0
f,2304.0,384.0
f,2432.0,384.0
f,2560.0,384.0
f,2688.0,384.0
f,2816.0,384.0
f,2944.0,384.0
f,3072.0,384.0
f,3200.0,384.0
f,3328.0,384.0
f,3456.0,384.0
f,3584.0,384.0
f,2176.0,512.0
f,2304.0,512.0
f,2432.0,512.0
f,2560.0,512.0
f,2688.0,512.0
f,2816.0,512.0
f,2944.0,512.0
f,3072.0,512.0
f,3200.0,512.0
f,3328.0,512.0
f,3456.0,512.0
f,3584.0,512.0
f,2176.0,640.0
f,2304.0,640.0
f,2432.0,640.0
f,2560.0,640.0
f,2688.0,640.0
f,2816.0,640.0
f,2944.0,640.0
f,3072.0,640.0
f,3200.0,640.0
f,3328.0,640.0
f,3456.0,640.0
f,3584.0,640.0
f,3968.0,640.0
f,4096.0,640.0
f,4224.0,640.0
f,4352.0,640.0
f,4480.0,640.0
f,4608.0,640.0
f,4736.0,640.0
f,4864.0,640.0
f,2176.0,768.0
f,2304.0,768.0
f,2432.0,768.0
f,2560.0,768.0
f,2688.0,768.0
f,2816.0,768.0
f,2944.0,768.0
f,3072.0,768.0
f,3200.0,768.0
f,3328.0,768.0
f,3456.0,768.0
f,3584.0,768.0
f,3712.0,768.0
f,3840.0,768.0
f,3968.0,768.0
f,4096.0,768.0
f,4224.0,768.0
f,4352.0,768.0
f,4480.0,768.0
f,4608.0,768.0
f,4736.0,768.0
f,4864.0,768.0
f,4992.0,768.0
f,5120.0,768.0
f,5248.0,768.0
f,2176.0,896.0
f,2304.0,896.0
f,2432.0,896.0
f,2560.0,896.0
f,2688.0,896.0
f,2816.0,896.0
f,2944.0,896.0
f,3072.0,896.0
f,3200.0,896.0
f,3328.0,896.0
f,3456.0,896.0
f,3584.0,896.0
f,3968.0,896.0
f,4096.0,896.0
f,4224.0,896.0
f,4352.0,896.0
f,4480.0,896.0
f,4608.0,896.0
f,4736.0,896.0
f,4864.0,896.0
f,5248.0,896.0
f,2176.0,1024.0
f,2304.0,1024.0
f,2432.0,1024.0
f,2560.0,1024.0
f,2688.0,1024.0
f,2816.0,1024.0
f,2944.0,1024.0
f,3072.0,1024.0
f,3200.0,1024.0
f,3328.0,1024.0
f,3456.0,1024.0
f,3584.0,1024.0
f,3968.0,1024.0
f,4096.0,1024.0
f,4224.0,1024.0
f,4352.0,1024.0
f,4480.0,1024.0
f,4608.0,1024.0
f,4736.0,1024.0
f,4864.0,1024.0
f,5248.0,1024.0
f,5888.0,1024.0
f,6016.0,1024.0
f,6144.0,1024.0
f,6272.0,1024.0
f,6400.0,1024.0
f,6528.0,1024.0
f,6656.0,1024.0
f,6784.0,1024.0
f,6912.0,1024.0
f,7040.0,1024.0
f,7168.0,1024.0
f,7296.0,1024.0
f,7424.0,1024.0
f,7552.0,1024.0
f,256.0,1152.0
f,384.0,1152.0
f,512.0,1152.0
f,640.0,1152.0
f,768.0,1152.0
f,896.0,1152.0
f,1024.0,1152.0
f,1152.0,1152.0
f,1280.0,1152.0
f,1408.0,1152.0
f,1536.0,1152.0
f,1664.0,1152.0
f,1792.0,1152.0
f,1920.0,1152.0
f,2048.0,1152.0
f,2176.0,1152.0
f,2304.0,1152.0
f,2432.0,1152.0
f,2560.0,1152.0
f,2688.0,1152.0
f,2816.0,1152.0
f,2944.0,1152.0
f,3072.0,1152.0
f,3200.0,1152.0
f,3328.0,1152.0
f,3456.0,1152.0
f,3584.0,1152.0
f,3968.0,1152.0
f,4096.0,1152.0
f,4224.0,1152.0
f,4352.0,1152.0
f,4480.0,1152.0
f,4608.0,1152.0
f,4736.0,1152.0
f,4864.0,1152.0
f,5248.0,1152.0
f,5888.0,1152.0
f,6016.0,1152.0
f,6144.0,1152.0
f,6272.0,1152.0
f,6400.0,1152.0
f,6528.0,1152.0
f,6656.0,1152.0
f,6784.0,1152.0
f,6912.0,1152.0
f,7040.0,1152.0
f,7168.0,1152.0
f,7296.0,1152.0
f,7424.0,1152.0
f,7552.0,1152.0
f,256.0,1280.0
f,384.0,1280.0
f,512.0,1280.0
f,640.0,1280.0
f,768.0,1280.0
f,896.0,1280.0
f,1024.0,1280.0
f,1152.0,1280.0
f,1280.0,1280.0
f,1408.0,1280.0
f,1536.0,1280.0
f,1664.0,1280.0
f,2176.0,1280.0
f,2304.0,1280.0
f,2432.0,1280.0
f,2560.0,1280.0
f,2688.0,1280.0
f,2816.0,1280.0
f,2944.0,1280.0
f,3072.0,1280.0
f,3200.0,1280.0
f,3328.0,1280.0
f,3456.0,1280.0
f,3584.0,1280.0
f,3968.0,1280.0
f,4096.0,1280.0
f,4224.0,1280.0
f,4352.0,1280.0
f,4480.0,1280.0
f,4608.0,1280.0
f,4736.0,1280.0
f,4864.0,1280.0
f,4992.0,1280.0
f,5120.0,1280.0
f,5248.0,1280.0
f,5376.0,1280.0
f,5504.0,1280.0
f,5632.0,1280.0
f,5760.0,1280.0
f,5888.0,1280.0
f,6016.0,1280.0
f,6144.0,1280.0
f,6272.0,1280.0
f,6400.0,1280.0
f,6528.0,1280.0
f,6656.0,1280.0
f,6784.0,1280.0
f,6912.0,1280.0
f,7040.0,1280.0
f,7168.0,1280.0
f,7296.0,1280.0
f,7424.0,1280.0
f,7552.0,1280.0
f,256.0,1408.0
f,384.0,1408.0
f,512.0,1408.0
f,640.0,1408.0
f,768.0,1408.0
f,896.0,1408.0
f,1024.0,1408.0
f,1152.0,1408.0
f,1280.0,1408.0
f,1408.0,1408.0
f,1536.0,1408.0
f,1664.0,1408.0
f,2176.0,1408.0
f,2304.0,1408.0
f,2432.0,1408.0
f,2560.0,1408.0
f,2688.0,1408.0
f,2816.0,1408.0
f,2944.0,1408.0
f,3072.0,1408.0
f,3200.0,1408.0
f,3328.0,1408.0
f,3456.0,1408.0
f,3584.0,1408.0
f,3712.0,1408.0
f,3840.0,1408.0
f,3968.0,1408.0
f,4096.0,1408.0
f,4224.0,1408.0
f,4352.0,1408.0
f,4480.0,1408.0
f,4608.0,1408.0
f,4736.0,1408.0
f,4864.0,1408.0
f,4992.0,1408.0
f,5120.0,1408.0
f,5248.0,1408.0
f,5376.0,1408.0
f,5504.0,1408.0
f,5632.0,1408.0
f,5760.0,1408.0
f,5888.0,1408.0
f,6016.0,1408.0
f,6144.0,1408.0
f,6272.0,1408.0
f,6400.0,1408.0
f,6528.0,1408.0
f,6656.0,1408.0
f,6784.0,1408.0
f,6912.0,1408.0
f,7040.0,1408.0
f,7168.0,1408.0
f,7296.0,1408.0
f,7424.0,1408.0
f,7552.0,1408.0
f,7680.0,1408.0
f,7808.0,1408.0
f,256.0,1536.0
f,384.0,1536.0
f,512.0,1536.0
f,640.0,1536.0
f,768.0,1536.0
f,896.0,1536.0
f,1024.0,1536.0
f,1152.0,1536.0
f,1280.0,1536.0
f,1408.0,1536.0
f,1536.0,1536.0
f,1664.0,1536.0
f,2176.0,1536.0
f,2304.0,1536.0
f,2432.0,1536.0
f,2560.0,1536.0
f,2688.0,1536.0
f,2816.0,1536.0
f,2944.0,1536.0
f,3072.0,1536.0
f,3200.0,1536.0
f,3328.0,1536.0
f,3456.0,1536.0
f,3584.0,1536.0
f,3968.0,1536.0
f,4096.0,1536.0
f,4224.0,1536.0
f,4352.0,1536.0
f,4480.0,1536.0
f,4608.0,1536.0
f,4736.0,1536.0
f,4864.0,1536.0
f,5248.0,1536.0
f,5888.0,1536.0
f,6016.0,1536.0
f,6144.0,1536.0
f,6272.0,1536.0
f,6400.0,1536.0
f,6528.0,1536.0
f,6656.0,1536.0
f,6784.0,1536.0
f,6912.0,1536.0
f,7040.0,1536.0
f,7168.0,1536.0
f,7296.0,1536.0
f,7424.0,1536.0
f,7552.0,1536.0
f,256.0,1664.0
f,384.0,1664.0
f,512.0,1664.0
f,640.0,1664.0
f,768.0,1664.0
f,896.0,1664.0
f,1024.0,1664.0
f,1152.0,1664.0
f,1280.0,1664.0
f,1408.0,1664.0
f,1536.0,1664.0
f,1664.0,1664.0
f,2176.0,1664.0
f,2304.0,1664.0
f,2432.0,1664.0
f,2560.0,1664.0
f,2688.0,1664.0
f,2816.0,1664.0
f,2944.0,1664.0
f,3072.0,1664.0
f,3200.0,1664.0
f,3328.0,1664.0
f,3456.0,1664.0
f,3584.0,1664.0
f,3968.0,1664.0
f,4096.0,1664.0
f,4224.0,1664.0
f,4352.0,1664.0
f,4480.0,1664.0
f,4608.0,1664.0
f,4736.0,1664.0
f,4864.0,1664.0
f,5248.0,1664.0
f,5888.0,1664.0
f,6016.0,1664.0
f,6144.0,1664.0
f,6272.0,1664.0
f,6400.0,1664.0
f,6528.0,1664.0
f,6656.0,1664.0
f,6784.0,1664.0
f,6912.0,1664.0
f,7040.0,1664.0
f,7168.0,1664.0
f,7296.0,1664.0
f,7424.0,1664.0
f,7552.0,1664.0
f,256.0,1792.0
f,384.0,1792.0
f,512.0,1792.0
f,640.0,1792.0
f,768.0,1792.0
f,896.0,1792.0
f,1024.0,1792.0
f,1152.0,1792.0
f,1280.0,1792.0
f,1408.0,1792.0
f,1536.0,1792.0
f,1664.0,1792.0
f,2304.0,1792.0
f,2816.0,1792.0
f,3584.0,1792.0
f,3968.0,1792.0
f,4096.0,1792.0
f,4224.0,1792.0
f,4352.0,1792.0
f,4480.0,1792.0
f,4608.0,1792.0
f,4736.0,1792.0
f,4864.0,1792.0
f,5248.0,1792.0
f,5888.0,1792.0
f,6016.0,1792.0
f,6144.0,1792.0
f,6272.0,1792.0
f,6400.0,1792.0
f,6528.0,1792.0
f,6656.0,1792.0
f,6784.0,1792.0
f,6912.0,1792.0
f,7040.0,1792.0
f,7168.0,1792.0
f,7296.0,1792.0
f,7424.0,1792.0
f,7552.0,1792.0
f,256.0,1920.0
f,384.0,1920.0
f,512.0,1920.0
f,640.0,1920.0
f,768.0,1920.0
f,896.0,1920.0
f,1024.0,1920.0
f,1152.0,1920.0
f,1280.0,1920.0
f,1408.0,1920.0
f,1536.0,1920.0
f,1664.0,1920.0
f,2304.0,1920.0
f,2816.0,1920.0
f,3584.0,1920.0
f,3968.0,1920.0
f,4096.0,1920.0
f,4224.0,1920.0
f,4352.0,1920.0
f,4480.0,1920.0
f,4608.0,1920.0
f,4736.0,1920.0
f,4864.0,1920.0
f,5248.0,1920.0
f,5888.0,1920.0
f,6016.0,1920.0
f,6144.0,1920.0
f,6272.0,1920.0
f,6400.0,1920.0
f,6528.0,1920.0
f,6656.0,1920.0
f,6784.0,1920.0
f,6912.0,1920.0
f,7040.0,1920.0
f,7168.0,1920.0
f,7296.0,1920.0
f,7424.0,1920.0
f,7552.0,1920.0
f,256.0,2048.0
f,384.0,2048.0
f,512.0,2048.0
f,640.0,2048.0
f,768.0,2048.0
f,896.0,2048.0
f,1024.0,2048.0
f,1152.0,2048.0
f,1280.0,2048.0
f,1408.0,2048.0
f,1536.0,2048.0
f,1664.0,2048.0
f,2304.0,2048.0
f,2816.0,2048.0
f,3584.0,2048.0
f,3968.0,2048.0
f,4096.0,2048.0
f,4224.0,2048.0
f,4352.0,2048.0
f,4480.0,2048.0
f,4608.0,2048.0
f,4736.0,2048.0
f,4864.0,2048.0
f,5248.0,2048.0
f,5888.0,2048.0
f,6016.0,2048.0
f,6144.0,2048.0
f,6272.0,2048.0
f,6400.0,2048.0
f,6528.0,2048.0
f,6656.0,2048.0
f,6784.0,2048.0
f,6912.0,2048.0
f,7040.0,2048.0
f,7168.0,2048.0
f,7296.0,2048.0
f,7424.0,2048.0
f,7552.0,2048.0
f,384.0,2176.0
f,768.0,2176.0
f,1536.0,2176.0
f,1792.0,2176.0
f,2304.0,2176.0
f,2816.0,2176.0
f,3584.0,2176.0
f,3968.0,2176.0
f,4096.0,2176.0
f,4224.0,2176.0
f,4352.0,2176.0
f,4480.0,2176.0
f,4608.0,2176.0
f,4736.0,2176.0
f,4864.0,2176.0
f,5248.0,2176.0
f,5888.0,2176.0
f,6016.0,2176.0
f,6144.0,2176.0
f,6272.0,2176.0
f,6400.0,2176.0
f,6528.0,2176.0
f,6656.0,2176.0
f,6784.0,2176.0
f,6912.0,2176.0
f,7040.0,2176.0
f,7168.0,2176.0
f,7296.0,2176.0
f,7424.0,2176.0
f,7552.0,2176.0
f,384.0,2304.0
f,768.0,2304.0
f,1536.0,2304.0
f,1792.0,2304.0
f,2304.0,2304.0
f,2816.0,2304.0
f,3584.0,2304.0
f,3968.0,2304.0
f,4096.0,2304.0
f,4224.0,2304.0
f,4352.0,2304.0
f,4480.0,2304.0
f,4608.0,2304.0
f,4736.0,2304.0
f,4864.0,2304.0
f,5248.0,2304.0
f,5888.0,2304.0
f,6016.0,2304.0
f,6144.0,2304.0
f,6272.0,2304.0
f,6400.0,2304.0
f,6528.0,2304.0
f,6656.0,2304.0
f,6784.0,2304.0
f,6912.0,2304.0
f,7040.0,2304.0
f,7168.0,2304.0
f,7296.0,2304.0
f,7424.0,2304.0
f,7552.0,2304.0
f,384.0,2432.0
f,768.0,2432.0
f,1536.0,2432.0
f,1664.0,2432.0
f,1792.0,2432.0
f,1920.0,2432.0
f,2048.0,2432.0
f,2176.0,2432.0
f,2304.0,2432.0
f,2432.0,2432.0
f,2560.0,2432.0
f,2688.0,2432.0
f,2816.0,2432.0
f,2944.0,2432.0
f,3072.0,2432.0
f,3200.0,2432.0
f,3328.0,2432.0
f,3456.0,2432.0
f,3584.0,2432.0
f,3712.0,2432.0
f,3840.0,2432.0
f,3968.0,2432.0
f,4096.0,2432.0
f,4224.0,2432.0
f,4352.0,2432.0
f,4480.0,2432.0
f,4608.0,2432.0
f,4736.0,2432.0
f,4864.0,2432.0
f,4992.0,2432.0
f,5120.0,2432.0
f,5248.0,2432.0
f,5376.0,2432.0
f,5504.0,2432.0
f,5632.0,2432.0
f,5760.0,2432.0
f,5888.0,2432.0
f,6016.0,2432.0
f,6144.0,2432.0
f,6272.0,2432.0
f,6400.0,2432.0
f,6528.0,2432.0
f,6656.0,2432.0
f,6784.0,2432.0
f,6912.0,2432.0
f,7040.0,2432.0
f,7168.0,2432.0
f,7296.0,2432.0
f,7424.0,2432.0
f,7552.0,2432.0
f,384.0,2560.0
f,768.0,2560.0
f,1536.0,2560.0
f,1664.0,2560.0
f,1792.0,2560.0
f,1920.0,2560.0
f,2048.0,2560.0
f,2176.0,2560.0
f,2304.0,2560.0
f,2432.0,2560.0
f,2560.0,2560.0
f,2688.0,2560.0
f,2816.0,2560.0
f,2944.0,2560.0
f,3072.0,2560.0
f,3200.0,2560.0
f,3328.0,2560.0
f,3456.0,2560.0
f,3584.0,2560.0
f,3712.0,2560.0
f,3840.0,2560.0
f,3968.0,2560.0
f,4096.0,2560.0
f,4224.0,2560.0
f,4352.0,2560.0
f,4480.0,2560.0
f,4608.0,2560.0
f,4736.0,2560.0
f,4864.0,2560.0
f,4992.0,2560.0
f,5120.0,2560.0
f,5248.0,2560.0
f,5376.0,2560.0
f,5504.0,2560.0
f,5632.0,2560.0
f,5760.0,2560.0
f,5888.0,2560.0
f,6016.0,2560.0
f,6144.0,2560.0
f,6272.0,2560.0
f,6400.0,2560.0
f,6528.0,2560.0
f,6656.0,2560.0
f,6784.0,2560.0
f,6912.0,2560.0
f,7040.0,2560.0
f,7168.0,2560.0
f,7296.0,2560.0
f,7424.0,2560.0
f,7552.0,2560.0
f,384.0,2688.0
f,768.0,2688.0
f,1536.0,2688.0
f,1664.0,2688.0
f,1792.0,2688.0
f,1920.0,2688.0
f,2048.0,2688.0
f,2176.0,2688.0
f,2304.0,2688.0
f,2432.0,2688.0
f,2560.0,2688.0
f,2688.0,2688.0
f,2816.0,2688.0
f,2944.0,2688.0
f,3072.0,2688.0
f,3200.0,2688.0
f,3328.0,2688.0
f,3456.0,2688.0
f,3584.0,2688.0
f,3712.0,2688.0
f,3840.0,2688.0
f,3968.0,2688.0
f,4096.0,2688.0
f,4224.0,2688.0
f,4352.0,2688.0
f,4480.0,2688.0
f,4608.0,2688.0
f,4736.0,2688.0
f,4864.0,2688.0
f,5248.0,2688.0
f,5888.0,2688.0
f,6016.0,2688.0
f,6144.0,2688.0
f,6272.0,2688.0
f,6400.0,2688.0
f,6528.0,2688.0
f,6656.0,2688.0
f,6784.0,2688.0
f,6912.0,2688.0
f,7040.0,2688.0
f,7168.0,2688.0
f,7296.0,2688.0
f,7424.0,2688.0
f,7552.0,2688.0
f,384.0,2816.0
f,768.0,2816.0
f,1536.0,2816.0
f,1664.0,2816.0
f,1792.0,2816.0
f,1920.0,2816.0
f,2048.0,2816.0
f,2176.0,2816.0
f,2304.0,2816.0
f,2432.0,2816.0
f,2560.0,2816.0
f,2688.0,2816.0
f,2816.0,2816.0
f,2944.0,2816.0
f,3072.0,2816.0
f,3200.0,2816.0
f,3328.0,2816.0
f,3456.0,2816.0
f,3584.0,2816.0
f,3712.0,2816.0
f,3840.0,2816.0
f,3968.0,2816.0
f,4096.0,2816.0
f,4224.0,2816.0
f,4352.0,2816.0
f,4480.0,2816.0
f,4608.0,2816.0
f,4736.0,2816.0
f,4864.0,2816.0
f,4992.0,2816.0
f,5120.0,2816.0
f,5248.0,2816.0
f,5376.0,2816.0
f,5504.0,2816.0
f,5632.0,2816.0
f,5760.0,2816.0
f,5888.0,2816.0
f,6016.0,2816.0
f,6144.0,2816.0
f,6272.0,2816.0
f,6400.0,2816.0
f,6528.0,2816.0
f,6656.0,2816.0
f,6784.0,2816.0
f,6912.0,2816.0
f,7040.0,2816.0
f,7168.0,2816.0
f,7296.0,2816.0
f,7424.0,2816.0
f,7552.0,2816.0
f,384.0,2944.0
f,512.0,2944.0
f,640.0,2944.0
f,768.0,2944.0
f,896.0,2944.0
f,1024.0,2944.0
f,1152.0,2944.0
f,1280.0,2944.0
f,1536.0,2944.0
f,1664.0,2944.0
f,1792.0,2944.0
f,1920.0,2944.0
f,2048.0,2944.0
f,2176.0,2944.0
f,2304.0,2944.0
f,2432.0,2944.0
f,2560.0,2944.0
f,2688.0,2944.0
f,2816.0,2944.0
f,2944.0,2944.0
f,3072.0,2944.0
f,3200.0,2944.0
f,3328.0,2944.0
f,3456.0,2944.0
f,3584.0,2944.0
f,3712.0,2944.0
f,3840.0,2944.0
f,3968.0,2944.0
f,4096.0,2944.0
f,4224.0,2944.0
f,4352.0,2944.0
f,4480.0,2944.0
f,4608.0,2944.0
f,4736.0,2944.0
f,4864.0,2944.0
f,5248.0,2944.0
f,7296.0,2944.0
f,384.0,3072.0
f,512.0,3072.0
f,640.0,3072.0
f,768.0,3072.0
f,896.0,3072.0
f,1024.0,3072.0
f,1152.0,3072.0
f,1280.0,3072.0
f,1536.0,3072.0
f,1664.0,3072.0
f,1792.0,3072.0
f,1920.0,3072.0
f,2048.0,3072.0
f,2176.0,3072.0
f,2304.0,3072.0
f,2432.0,3072.0
f,2560.0,3072.0
f,2688.0,3072.0
f,2816.0,3072.0
f,2944.0,3072.0
f,3072.0,3072.0
f,3200.0,3072.0
f,3328.0,3072.0
f,3456.0,3072.0
f,3584.0,3072.0
f,3712.0,3072.0
f,3840.0,3072.0
f,3968.0,3072.0
f,4096.0,3072.0
f,4224.0,3072.0
f,4352.0,3072.0
f,4480.0,3072.0
f,4608.0,3072.0
f,4736.0,3072.0
f,4864.0,3072.0
f,4992.0,3072.0
f,5120.0,3072.0
f,5248.0,3072.0
f,5376.0,3072.0
f,5504.0,3072.0
f,5632.0,3072.0
f,5760.0,3072.0
f,5888.0,3072.0
f,6016.0,3072.0
f,6144.0,3072.0
f,6272.0,3072.0
f,6400.0,3072.0
f,6528.0,3072.0
f,6656.0,3072.0
f,7296.0,3072.0
f,384.0,3200.0
f,512.0,3200.0
f,640.0,3200.0
f,768.0,3200.0
f,896.0,3200.0
f,1024.0,3200.0
f,1152.0,3200.0
f,1280.0,3200.0
f,1536.0,3200.0
f,1664.0,3200.0
f,1792.0,3200.0
f,1920.0,3200.0
f,2048.0,3200.0
f,2176.0,3200.0
f,2304.0,3200.0
f,2432.0,3200.0
f,2560.0,3200.0
f,2688.0,3200.0
f,2816.0,3200.0
f,2944.0,3200.0
f,3072.0,3200.0
f,3200.0,3200.0
f,3328.0,3200.0
f,3456.0,3200.0
f,3584.0,3200.0
f,3712.0,3200.0
f,3840.0,3200.0
f,3968.0,3200.0
f,4224.0,3200.0
f,4480.0,3200.0
f,4736.0,3200.0
f,5248.0,3200.0
f,7296.0,3200.0
f,384.0,3328.0
f,512.0,3328.0
f,640.0,3328.0
f,768.0,3328.0
f,896.0,3328.0
f,1024.0,3328.0
f,1152.0,3328.0
f,1280.0,3328.0
f,1536.0,3328.0
f,1664.0,3328.0
f,1792.0,3328.0
f,1920.0,3328.0
f,2048.0,3328.0
f,2176.0,3328.0
f,2304.0,3328.0
f,2432.0,3328.0
f,2560.0,3328.0
f,2688.0,3328.0
f,2816.0,3328.0
f,2944.0,3328.0
f,3072.0,3328.0
f,3200.0,3328.0
f,3328.0,3328.0
f,3456.0,3328.0
f,3584.0,3328.0
f,3712.0,3328.0
f,3840.0,3328.0
f,3968.0,3328.0
f,4224.0,3328.0
f,4480.0,3328.0
f,4736.0,3328.0
f,5248.0,3328.0
f,7296.0,3328.0
f,384.0,3456.0
f,512.0,3456.0
f,640.0,3456.0
f,768.0,3456.0
f,896.0,3456.0
f,1024.0,3456.0
f,1152.0,3456.0
f,1280.0,3456.0
f,1408.0,3456.0
f,1536.0,3456.0
f,1664.0,3456.0
f,1792.0,3456.0
f,1920.0,3456.0
f,2048.0,3456.0
f,2176.0,3456.0
f,2304.0,3456.0
f,2432.0,3456.0
f,2560.0,3456.0
f,2688.0,3456.0
f,2816.0,3456.0
f,2944.0,3456.0
f,3072.0,3456.0
f,3200.0,3456.0
f,3328.0,3456.0
f,3456.0,3456.0
f,3584.0,3456.0
f,3712.0,3456.0
f,3840.0,3456.0
f,3968.0,3456.0
f,4224.0,3456.0
f,4480.0,3456.0
f,4736.0,3456.0
f,5248.0,3456.0
f,7296.0,3456.0
f,384.0,3584.0
f,512.0,3584.0
f,640.0,3584.0
f,768.0,3584.0
f,896.0,3584.0
f,1024.0,3584.0
f,1152.0,3584.0
f,1280.0,3584.0
f,1536.0,3584.0
f,1664.0,3584.0
f,1792.0,3584.0
f,1920.0,3584.0
f,2048.0,3584.0
f,2176.0,3584.0
f,2304.0,3584.0
f,2432.0,3584.0
f,2560.0,3584.0
f,2688.0,3584.0
f,2816.0,3584.0
f,2944.0,3584.0
f,3072.0,3584.0
f,3200.0,3584.0
f,3328.0,3584.0
f,3456.0,3584.0
f,3584.0,3584.0
f,3712.0,3584.0
f,3840.0,3584.0
f,3968.0,3584.0
f,4224.0,3584.0
f,4480.0,3584.0
f,4736.0,3584.0
f,5248.0,3584.0
f,7296.0,3584.0
f,384.0,3712.0
f,512.0,3712.0
f,640.0,3712.0
f,768.0,3712.0
f,896.0,3712.0
f,1024.0,3712.0
f,1152.0,3712.0
f,1280.0,3712.0
f,1536.0,3712.0
f,1664.0,3712.0
f,1792.0,3712.0
f,1920.0,3712.0
f,2048.0,3712.0
f,2176.0,3712.0
f,2304.0,3712.0
f,2432.0,3712.0
f,2560.0,3712.0
f,2688.0,3712.0
f,2816.0,3712.0
f,2944.0,3712.0
f,3072.0,3712.0
f,3200.0,3712.0
f,3328.0,3712.0
f,3456.0,3712.0
f,3584.0,3712.0
f,3712.0,3712.0
f,3840.0,3712.0
f,3968.0,3712.0
f,4224.0,3712.0
f,4480.0,3712.0
f,4736.0,3712.0
f,5248.0,3712.0
f,7296.0,3712.0
f,384.0,3840.0
f,512.0,3840.0
f,640.0,3840.0
f,768.0,3840.0
f,896.0,3840.0
f,1024.0,3840.0
f,1152.0,3840.0
f,1280.0,3840.0
f,1792.0,3840.0
f,2304.0,3840.0
f,2816.0,3840.0
f,3584.0,3840.0
f,3968.0,3840.0
f,4224.0,3840.0
f,4480.0,3840.0
f,4736.0,3840.0
f,5248.0,3840.0
f,7296.0,3840.0
f,384.0,3968.0
f,512.0,3968.0
f,640.0,3968.0
f,768.0,3968.0
f,896.0,3968.0
f,1024.0,3968.0
f,1152.0,3968.0
f,1280.0,3968.0
f,1792.0,3968.0
f,2304.0,3968.0
f,2816.0,3968.0
f,3584.0,3968.0
f,3712.0,3968.0
f,3840.0,3968.0
f,3968.0,3968.0
f,4096.0,3968.0
f,4224.0,3968.0
f,4352.0,3968.0
f,4480.0,3968.0
f,4608.0,3968.0
f,4736.0,3968.0
f,4864.0,3968.0
f,4992.0,3968.0
f,5120.0,3968.0
f,5248.0,3968.0
f,5376.0,3968.0
f,5504.0,3968.0
f,5632.0,3968.0
f,5760.0,3968.0
f,7296.0,3968.0
f,384.0,4096.0
f,512.0,4096.0
f,640.0,4096.0
f,768.0,4096.0
f,896.0,4096.0
f,1024.0,4096.0
f,1152.0,4096.0
f,1280.0,4096.0
f,1792.0,4096.0
f,2304.0,4096.0
f,2816.0,4096.0
f,3584.0,4096.0
f,3712.0,4096.0
f,3840.0,4096.0
f,3968.0,4096.0
f,4096.0,4096.0
f,4224.0,4096.0
f,4352.0,4096.0
f,4480.0,4096.0
f,4608.0,4096.0
f,4736.0,4096.0
f,4864.0,4096.0
f,4992.0,4096.0
f,5120.0,4096.0
f,5248.0,4096.0
f,5376.0,4096.0
f,5504.0,4096.0
f,5632.0,4096.0
f,5760.0,4096.0
f,7296.0,4096.0
f,384.0,4224.0
f,512.0,4224.0
f,640.0,4224.0
f,768.0,4224.0
f,896.0,4224.0
f,1024.0,4224.0
f,1152.0,4224.0
f,1280.0,4224.0
f,1792.0,4224.0
f,2304.0,4224.0
f,2816.0,4224.0
f,3584.0,4224.0
f,3712.0,4224.0
f,3840.0,4224.0
f,3968.0,4224.0
f,4096.0,4224.0
f,4224.0,4224.0
f,4352.0,4224.0
f,4480.0,4224.0
f,4608.0,4224.0
f,4736.0,4224.0
f,4864.0,4224.0
f,4992.0,4224.0
f,5120.0,4224.0
f,5248.0,4224.0
f,5376.0,4224.0
f,5504.0,4224.0
f,5632.0,4224.0
f,5760.0,4224.0
f,7296.0,4224.0
f,384.0,4352.0
f,512.0,4352.0
f,640.0,4352.0
f,768.0,4352.0
f,896.0,4352.0
f,1024.0,4352.0
f,1152.0,4352.0
f,1280.0,4352.0
f,1792.0,4352.0
f,2304.0,4352.0
f,2816.0,4352.0
f,3584.0,4352.0
f,3712.0,4352.0
f,3840.0,4352.0
f,3968.0,4352.0
f,4096.0,4352.0
f,4224.0,4352.0
f,4352.0,4352.0
f,4480.0,4352.0
f,4608.0,4352.0
f,4736.0,4352.0
f,4864.0,4352.0
f,4992.0,4352.0
f,5120.0,4352.0
f,5248.0,4352.0
f,5376.0,4352.0
f,5504.0,4352.0
f,5632.0,4352.0
f,5760.0,4352.0
f,7296.0,4352.0
f,384.0,4480.0
f,512.0,4480.0
f,640.0,4480.0
f,768.0,4480.0
f,896.0,4480.0
f,1024.0,4480.0
f,1152.0,4480.0
f,1280.0,4480.0
f,1792.0,4480.0
f,2304.0,4480.0
f,2816.0,4480.0
f,3584.0,4480.0
f,3712.0,4480.0
f,3840.0,4480.0
f,3968.0,4480.0
f,4096.0,4480.0
f,4224.0,4480.0
f,4352.0,4480.0
f,4480.0,4480.0
f,4608.0,4480.0
f,4736.0,4480.0
f,4864.0,4480.0
f,4992.0,4480.0
f,5120.0,4480.0
f,5248.0,4480.0
f,5376.0,4480.0
f,5504.0,4480.0
f,5632.0,4480.0
f,5760.0,4480.0
f,7296.0,4480.0
f,384.0,4608.0
f,512.0,4608.0
f,640.0,4608.0
f,768.0,4608.0
f,896.0,4608.0
f,1024.0,4608.0
f,1152.0,4608.0
f,1280.0,4608.0
f,1408.0,4608.0
f,1536.0,4608.0
f,1664.0,4608.0
f,1792.0,4608.0
f,1920.0,4608.0
f,2048.0,4608.0
f,2176.0,4608.0
f,2304.0,4608.0
f,2432.0,4608.0
f,2560.0,4608.0
f,2688.0,4608.0
f,2816.0,4608.0
f,2944.0,4608.0
f,3072.0,4608.0
f,3200.0,4608.0
f,3328.0,4608.0
f,3456.0,4608.0
f,3584.0,4608.0
f,3712.0,4608.0
f,3840.0,4608.0
f,3968.0,4608.0
f,4096.0,4608.0
f,4224.0,4608.0
f,4352.0,4608.0
f,4480.0,4608.0
f,4608.0,4608.0
f,4736.0,4608.0
f,4864.0,4608.0
f,4992.0,4608.0
f,5120.0,4608.0
f,5248.0,4608.0
f,5376.0,4608.0
f,5504.0,4608.0
f,5632.0,4608.0
f,5760.0,4608.0
f,7296.0,4608.0
f,384.0,4736.0
f,896.0,4736.0
f,1280.0,4736.0
f,1408.0,4736.0
f,1536.0,4736.0
f,1664.0,4736.0
f,1792.0,4736.0
f,1920.0,4736.0
f,2048.0,4736.0
f,2176.0,4736.0
f,2304.0,4736.0
f,2432.0,4736.0
f,2560.0,4736.0
f,2688.0,4736.0
f,2816.0,4736.0
f,2944.0,4736.0
f,3072.0,4736.0
f,3200.0,4736.0
f,3328.0,4736.0
f,3456.0,4736.0
f,3584.0,4736.0
f,3712.0,4736.0
f,3840.0,4736.0
f,3968.0,4736.0
f,4096.0,4736.0
f,4224.0,4736.0
f,4352.0,4736.0
f,4480.0,4736.0
f,4608.0,4736.0
f,4736.0,4736.0
f,4864.0,4736.0
f,4992.0,4736.0
f,5120.0,4736.0
f,5248.0,4736.0
f,5376.0,4736.0
f,5504.0,4736.0
f,5632.0,4736.0
f,5760.0,4736.0
f,7296.0,4736.0
f,384.0,4864.0
f,896.0,4864.0
f,1024.0,4864.0
f,1152.0,4864.0
f,1280.0,4864.0
f,1408.0,4864.0
f,1536.0,4864.0
f,1664.0,4864.0
f,1792.0,4864.0
f,1920.0,4864.0
f,2048.0,4864.0
f,2176.0,4864.0
f,2304.0,4864.0
f,2432.0,4864.0
f,2560.0,4864.0
f,2688.0,4864.0
f,2816.0,4864.0
f,2944.0,4864.0
f,3072.0,4864.0
f,3200.0,4864.0
f,3328.0,4864.0
f,3456.0,4864.0
f,3584.0,4864.0
f,3712.0,4864.0
f,3840.0,4864.0
f,3968.0,4864.0
f,4096.0,4864.0
f,4224.0,4864.0
f,4352.0,4864.0
f,4480.0,4864.0
f,4608.0,4864.0
f,4736.0,4864.0
f,4864.0,4864.0
f,4992.0,4864.0
f,5120.0,4864.0
f,5248.0,4864.0
f,5376.0,4864.0
f,5504.0,4864.0
f,5632.0,4864.0
f,5760.0,4864.0
f,7296.0,4864.0
f,384.0,4992.0
f,896.0,4992.0
f,1024.0,4992.0
f,1280.0,4992.0
f,1792.0,4992.0
f,2304.0,4992.0
f,2816.0,4992.0
f,3584.0,4992.0
f,3712.0,4992.0
f,3840.0,4992.0
f,3968.0,4992.0
f,4096.0,4992.0
f,4224.0,4992.0
f,4352.0,4992.0
f,4480.0,4992.0
f,4608.0,4992.0
f,4736.0,4992.0
f,4864.0,4992.0
f,4992.0,4992.0
f,5120.0,4992.0
f,5248.0,4992.0
f,5376.0,4992.0
f,5504.0,4992.0
f,5632.0,4992.0
f,5760.0,4992.0
f,7296.0,4992.0
f,384.0,5120.0
f,896.0,5120.0
f,1024.0,5120.0
f,1280.0,5120.0
f,1792.0,5120.0
f,2304.0,5120.0
f,2816.0,5120.0
f,3584.0,5120.0
f,3712.0,5120.0
f,3840.0,5120.0
f,3968.0,5120.0
f,4096.0,5120.0
f,4224.0,5120.0
f,4352.0,5120.0
f,4480.0,5120.0
f,4608.0,5120.0
f,4736.0,5120.0
f,4864.0,5120.0
f,4992.0,5120.0
f,5120.0,5120.0
f,5248.0,5120.0
f,5376.0,5120.0
f,5504.0,5120.0
f,5632.0,5120.0
f,5760.0,5120.0
f,7296.0,5120.0
f,384.0,5248.0
f,896.0,5248.0
f,1024.0,5248.0
f,1280.0,5248.0
f,1792.0,5248.0
f,2304.0,5248.0
f,2816.0,5248.0
f,3584.0,5248.0
f,4224.0,5248.0
f,4352.0,5248.0
f,4480.0,5248.0
f,4608.0,5248.0
f,4736.0,5248.0
f,4864.0,5248.0
f,4992.0,5248.0
f,5120.0,5248.0
f,5248.0,5248.0
f,5376.0,5248.0
f,5504.0,5248.0
f,5632.0,5248.0
f,5760.0,5248.0
f,5888.0,5248.0
f,6016.0,5248.0
f,6144.0,5248.0
f,7296.0,5248.0
f,384.0,5376.0
f,896.0,5376.0
f,1024.0,5376.0
f,1280.0,5376.0
f,1792.0,5376.0
f,2304.0,5376.0
f,2816.0,5376.0
f,3584.0,5376.0
f,4224.0,5376.0
f,4352.0,5376.0
f,4480.0,5376.0
f,4608.0,5376.0
f,4736.0,5376.0
f,4864.0,5376.0
f,4992.0,5376.0
f,5120.0,5376.0
f,5248.0,5376.0
f,5376.0,5376.0
f,5504.0,5376.0
f,5632.0,5376.0
f,5760.0,5376.0
f,5888.0,5376.0
f,6016.0,5376.0
f,6144.0,5376.0
f,7296.0,5376.0
f,128.0,5504.0
f,256.0,5504.0
f,384.0,5504.0
f,512.0,5504.0
f,640.0,5504.0
f,768.0,5504.0
f,896.0,5504.0
f,1024.0,5504.0
f,1152.0,5504.0
f,1280.0,5504.0
f,1408.0,5504.0
f,1536.0,5504.0
f,1664.0,5504.0
f,1792.0,5504.0
f,1920.0,5504.0
f,2048.0,5504.0
f,2176.0,5504.0
f,2304.0,5504.0
f,2816.0,5504.0
f,3584.0,5504.0
f,4224.0,5504.0
f,4352.0,5504.0
f,4480.0,5504.0
f,4608.0,5504.0
f,4736.0,5504.0
f,4864.0,5504.0
f,4992.0,5504.0
f,5120.0,5504.0
f,5248.0,5504.0
f,5376.0,5504.0
f,5504.0,5504.0
f,5632.0,5504.0
f,5760.0,5504.0
f,5888.0,5504.0
f,6016.0,5504.0
f,6144.0,5504.0
f,7296.0,5504.0
f,128.0,5632.0
f,256.0,5632.0
f,384.0,5632.0
f,512.0,5632.0
f,640.0,5632.0
f,768.0,5632.0
f,896.0,5632.0
f,1024.0,5632.0
f,1152.0,5632.0
f,1280.0,5632.0
f,1408.0,5632.0
f,1536.0,5632.0
f,1664.0,5632.0
f,1792.0,5632.0
f,1920.0,5632.0
f,2048.0,5632.0
f,2176.0,5632.0
f,2304.0,5632.0
f,2816.0,5632.0
f,3584.0,5632.0
f,4224.0,5632.0
f,4352.0,5632.0
f,4480.0,5632.0
f,4608.0,5632.0
f,4736.0,5632.0
f,4864.0,5632.0
f,4992.0,5632.0
f,5120.0,5632.0
f,5248.0,5632.0
f,5376.0,5632.0
f,5504.0,5632.0
f,5632.0,5632.0
f,5760.0,5632.0
f,5888.0,5632.0
f,6016.0,5632.0
f,6144.0,5632.0
f,7296.0,5632.0
f,128.0,5760.0
f,256.0,5760.0
f,384.0,5760.0
f,512.0,5760.0
f,640.0,5760.0
f,768.0,5760.0
f,896.0,5760.0
f,1024.0,5760.0
f,1152.0,5760.0
f,1280.0,5760.0
f,1408.0,5760.0
f,1536.0,5760.0
f,1664.0,5760.0
f,1792.0,5760.0
f,1920.0,5760.0
f,2048.0,5760.0
f,2176.0,5760.0
f,2304.0,5760.0
f,2688.0,5760.0
f,2816.0,5760.0
f,2944.0,5760.0
f,3072.0,5760.0
f,3200.0,5760.0
f,3328.0,5760.0
f,3456.0,5760.0
f,3584.0,5760.0
f,4224.0,5760.0
f,4352.0,5760.0
f,4480.0,5760.0
f,4608.0,5760.0
f,4736.0,5760.0
f,4864.0,5760.0
f,4992.0,5760.0
f,5120.0,5760.0
f,5248.0,5760.0
f,5376.0,5760.0
f,5504.0,5760.0
f,5632.0,5760.0
f,5760.0,5760.0
f,5888.0,5760.0
f,6016.0,5760.0
f,6144.0,5760.0
f,7296.0,5760.0
f,128.0,5888.0
f,256.0,5888.0
f,384.0,5888.0
f,512.0,5888.0
f,640.0,5888.0
f,768.0,5888.0
f,896.0,5888.0
f,1024.0,5888.0
f,1152.0,5888.0
f,1280.0,5888.0
f,1408.0,5888.0
f,1536.0,5888.0
f,1664.0,5888.0
f,1792.0,5888.0
f,1920.0,5888.0
f,2048.0,5888.0
f,2176.0,5888.0
f,2304.0,5888.0
f,2432.0,5888.0
f,2560.0,5888.0
f,2688.0,5888.0
f,2816.0,5888.0
f,2944.0,5888.0
f,3072.0,5888.0
f,3200.0,5888.0
f,3328.0,5888.0
f,3456.0,5888.0
f,3584.0,5888.0
f,3712.0,5888.0
f,3840.0,5888.0
f,3968.0,5888.0
f,4096.0,5888.0
f,4224.0,5888.0
f,4352.0,5888.0
f,4480.0,5888.0
f,4608.0,5888.0
f,4736.0,5888.0
f,4864.0,5888.0
f,4992.0,5888.0
f,5120.0,5888.0
f,5248.0,5888.0
f,5376.0,5888.0
f,5504.0,5888.0
f,5632.0,5888.0
f,5760.0,5888.0
f,5888.0,5888.0
f,6016.0,5888.0
f,6144.0,5888.0
f,6272.0,5888.0
f,6400.0,5888.0
f,6528.0,5888.0
f,6656.0,5888.0
f,6784.0,5888.0
f,6912.0,5888.0
f,7040.0,5888.0
f,7168.0,5888.0
f,7296.0,5888.0
f,128.0,6016.0
f,256.0,6016.0
f,384.0,6016.0
f,512.0,6016.0
f,640.0,6016.0
f,768.0,6016.0
f,896.0,6016.0
f,1024.0,6016.0
f,1152.0,6016.0
f,1280.0,6016.0
f,1408.0,6016.0
f,1536.0,6016.0
f,1664.0,6016.0
f,1792.0,6016.0
f,1920.0,6016.0
f,2048.0,6016.0
f,2176.0,6016.0
f,2304.0,6016.0
f,2688.0,6016.0
f,2816.0,6016.0
f,2944.0,6016.0
f,3072.0,6016.0
f,3200.0,6016.0
f,3328.0,6016.0
f,3456.0,6016.0
f,3584.0,6016.0
f,4224.0,6016.0
f,4352.0,6016.0
f,4480.0,6016.0
f,4608.0,6016.0
f,4736.0,6016.0
f,4864.0,6016.0
f,4992.0,6016.0
f,5120.0,6016.0
f,5248.0,6016.0
f,5376.0,6016.0
f,5504.0,6016.0
f,5632.0,6016.0
f,5760.0,6016.0
f,5888.0,6016.0
f,6016.0,6016.0
f,6144.0,6016.0
f,128.0,6144.0
f,256.0,6144.0
f,384.0,6144.0
f,512.0,6144.0
f,640.0,6144.0
f,768.0,6144.0
f,896.0,6144.0
f,1024.0,6144.0
f,1152.0,6144.0
f,1280.0,6144.0
f,1408.0,6144.0
f,1536.0,6144.0
f,1664.0,6144.0
f,1792.0,6144.0
f,1920.0,6144.0
f,2048.0,6144.0
f,2176.0,6144.0
f,2304.0,6144.0
f,2688.0,6144.0
f,2816.0,6144.0
f,2944.0,6144.0
f,3072.0,6144.0
f,3200.0,6144.0
f,3328.0,6144.0
f,3456.0,6144.0
f,3584.0,6144.0
f,4224.0,6144.0
f,4352.0,6144.0
f,4480.0,6144.0
f,4608.0,6144.0
f,4736.0,6144.0
f,4864.0,6144.0
f,4992.0,6144.0
f,5120.0,6144.0
f,5248.0,6144.0
f,5376.0,6144.0
f,5504.0,6144.0
f,5632.0,6144.0
f,5760.0,6144.0
f,5888.0,6144.0
f,6016.0,6144.0
f,6144.0,6144.0
f,128.0,6272.0
f,256.0,6272.0
f,384.0,6272.0
f,512.0,6272.0
f,640.0,6272.0
f,768.0,6272.0
f,896.0,6272.0
f,1024.0,6272.0
f,1152.0,6272.0
f,1280.0,6272.0
f,1408.0,6272.0
f,1536.0,6272.0
f,1664.0,6272.0
f,1792.0,6272.0
f,1920.0,6272.0
f,2048.0,6272.0
f,2176.0,6272.0
f,2304.0,6272.0
f,2688.0,6272.0
f,2816.0,6272.0
f,2944.0,6272.0
f,3072.0,6272.0
f,3200.0,6272.0
f,3328.0,6272.0
f,3456.0,6272.0
f,3584.0,6272.0
f,3712.0,6272.0
f,3840.0,6272.0
f,3968.0,6272.0
f,4096.0,6272.0
f,4224.0,6272.0
f,4352.0,6272.0
f,4480.0,6272.0
f,4608.0,6272.0
f,4736.0,6272.0
f,4864.0,6272.0
f,4992.0,6272.0
f,5120.0,6272.0
f,5248.0,6272.0
f,5376.0,6272.0
f,5504.0,6272.0
f,5632.0,6272.0
f,5760.0,6272.0
f,5888.0,6272.0
f,6016.0,6272.0
f,6144.0,6272.0
f,128.0,6400.0
f,256.0,6400.0
f,384.0,6400.0
f,512.0,6400.0
f,640.0,6400.0
f,768.0,6400.0
f,896.0,6400.0
f,1024.0,6400.0
f,1152.0,6400.0
f,1280.0,6400.0
f,1408.0,6400.0
f,1536.0,6400.0
f,1664.0,6400.0
f,1792.0,6400.0
f,1920.0,6400.0
f,2048.0,6400.0
f,2176.0,6400.0
f,2304.0,6400.0
f,2688.0,6400.0
f,2816.0,6400.0
f,2944.0,6400.0
f,3072.0,6400.0
f,3200.0,6400.0
f,3328.0,6400.0
f,3456.0,6400.0
f,3584.0,6400.0
f,4224.0,6400.0
f,4352.0,6400.0
f,4480.0,6400.0
f,4608.0,6400.0
f,4736.0,6400.0
f,4864.0,6400.0
f,4992.0,6400.0
f,5120.0,6400.0
f,5248.0,6400.0
f,5376.0,6400.0
f,5504.0,6400.0
f,5632.0,6400.0
f,5760.0,6400.0
f,5888.0,6400.0
f,6016.0,6400.0
f,6144.0,6400.0
f,128.0,6528.0
f,256.0,6528.0
f,384.0,6528.0
f,512.0,6528.0
f,640.0,6528.0
f,768.0,6528.0
f,896.0,6528.0
f,1024.0,6528.0
f,1152.0,6528.0
f,1280.0,6528.0
f,1408.0,6528.0
f,1536.0,6528.0
f,1664.0,6528.0
f,1792.0,6528.0
f,1920.0,6528.0
f,2048.0,6528.0
f,2176.0,6528.0
f,2304.0,6528.0
f,2432.0,6528.0
f,2560.0,6528.0
f,2688.0,6528.0
f,2816.0,6528.0
f,2944.0,6528.0
f,3072.0,6528.0
f,3200.0,6528.0
f,3328.0,6528.0
f,3456.0,6528.0
f,3584.0,6528.0
f,4224.0,6528.0
f,4352.0,6528.0
f,4480.0,6528.0
f,4608.0,6528.0
f,4736.0,6528.0
f,4864.0,6528.0
f,4992.0,6528.0
f,5120.0,6528.0
f,5248.0,6528.0
f,5376.0,6528.0
f,5504.0,6528.0
f,5632.0,6528.0
f,5760.0,6528.0
f,5888.0,6528.0
f,6016.0,6528.0
f,6144.0,6528.0
f,128.0,6656.0
f,256.0,6656.0
f,384.0,6656.0
f,512.0,6656.0
f,640.0,6656.0
f,768.0,6656.0
f,896.0,6656.0
f,1024.0,6656.0
f,1152.0,6656.0
f,1280.0,6656.0
f,1408.0,6656.0
f,1536.0,6656.0
f,1664.0,6656.0
f,1792.0,6656.0
f,1920.0,6656.0
f,2048.0,6656.0
f,2176.0,6656.0
f,2304.0,6656.0
f,2688.0,6656.0
f,2816.0,6656.0
f,2944.0,6656.0
f,3072.0,6656.0
f,3200.0,6656.0
f,3328.0,6656.0
f,3456.0,6656.0
f,3584.0,6656.0
f,4224.0,6656.0
f,4352.0,6656.0
f,4480.0,6656.0
f,4608.0,6656.0
f,4736.0,6656.0
f,4864.0,6656.0
f,4992.0,6656.0
f,5120.0,6656.0
f,5248.0,6656.0
f,5376.0,6656.0
f,5504.0,6656.0
f,5632.0,6656.0
f,5760.0,6656.0
f,5888.0,6656.0
f,6016.0,6656.0
f,6144.0,6656.0
f,128.0,6784.0
f,256.0,6784.0
f,384.0,6784.0
f,512.0,6784.0
f,640.0,6784.0
f,768.0,6784.0
f,896.0,6784.0
f,1024.0,6784.0
f,1152.0,6784.0
f,1280.0,6784.0
f,1408.0,6784.0
f,1536.0,6784.0
f,1664.0,6784.0
f,1792.0,6784.0
f,1920.0,6784.0
f,2048.0,6784.0
f,2176.0,6784.0
f,2304.0,6784.0
f,2432.0,6784.0
f,2560.0,6784.0
f,2688.0,6784.0
f,2816.0,6784.0
f,2944.0,6784.0
f,3072.0,6784.0
f,3200.0,6784.0
f,3328.0,6784.0
f,3456.0,6784.0
f,3584.0,6784.0
f,3712.0,6784.0
f,3840.0,6784.0
f,3968.0,6784.0
f,4096.0,6784.0
f,4224.0,6784.0
f,4352.0,6784.0
f,4480.0,6784.0
f,4608.0,6784.0
f,4736.0,6784.0
f,4864.0,6784.0
f,4992.0,6784.0
f,5120.0,6784.0
f,5248.0,6784.0
f,5376.0,6784.0
f,5504.0,6784.0
f,5632.0,6784.0
f,5760.0,6784.0
f,5888.0,6784.0
f,6016.0,6784.0
f,6144.0,6784.0
f,128.0,6912.0
f,256.0,6912.0
f,384.0,6912.0
f,512.0,6912.0
f,640.0,6912.0
f,768.0,6912.0
f,896.0,6912.0
f,1024.0,6912.0
f,1152.0,6912.0
f,1280.0,6912.0
f,1408.0,6912.0
f,1536.0,6912.0
f,1664.0,6912.0
f,1792.0,6912.0
f,1920.0,6912.0
f,2048.0,6912.0
f,2176.0,6912.0
f,2304.0,6912.0
f,2432.0,6912.0
f,2560.0,6912.0
f,2688.0,6912.0
f,2816.0,6912.0
f,2944.0,6912.0
f,3072.0,6912.0
f,3200.0,6912.0
f,3328.0,6912.0
f,3456.0,6912.0
f,3584.0,6912.0
f,3712.0,6912.0
f,3840.0,6912.0
f,3968.0,6912.0
f,4096.0,6912.0
f,4224.0,6912.0
f,4352.0,6912.0
f,4480.0,6912.0
f,4608.0,6912.0
f,4736.0,6912.0
f,4864.0,6912.0
f,4992.0,6912.0
f,5120.0,6912.0
f,5248.0,6912.0
f,5376.0,6912.0
f,5504.0,6912.0
f,5632.0,6912.0
f,5760.0,6912.0
f,5888.0,6912.0
f,6016.0,6912.0
f,6144.0,6912.0
f,128.0,7040.0
f,256.0,7040.0
f,384.0,7040.0
f,512.0,7040.0
f,640.0,7040.0
f,768.0,7040.0
f,896.0,7040.0
f,1024.0,7040.0
f,1152.0,7040.0
f,1280.0,7040.0
f,1408.0,7040.0
f,1536.0,7040.0
f,1664.0,7040.0
f,1792.0,7040.0
f,1920.0,7040.0
f,2048.0,7040.0
f,2176.0,7040.0
f,2304.0,7040.0
f,2432.0,7040.0
f,2560.0,7040.0
f,2688.0,7040.0
f,2816.0,7040.0
f,2944.0,7040.0
f,3072.0,7040.0
f,3200.0,7040.0
f,3328.0,7040.0
f,3456.0,7040.0
f,4224.0,7040.0
f,4352.0,7040.0
f,4480.0,7040.0
f,4608.0,7040.0
f,4736.0,7040.0
f,4864.0,7040.0
f,4992.0,7040.0
f,5120.0,7040.0
f,5248.0,7040.0
f,5376.0,7040.0
f,5504.0,7040.0
f,5632.0,7040.0
f,5760.0,7040.0
f,5888.0,7040.0
f,6016.0,7040.0
f,6144.0,7040.0
f,128.0,7168.0
f,256.0,7168.0
f,384.0,7168.0
f,512.0,7168.0
f,640.0,7168.0
f,768.0,7168.0
f,896.0,7168.0
f,1024.0,7168.0
f,1152.0,7168.0
f,1280.0,7168.0
f,1408.0,7168.0
f,1536.0,7168.0
f,1664.0,7168.0
f,1792.0,7168.0
f,1920.0,7168.0
f,2048.0,7168.0
f,2176.0,7168.0
f,2304.0,7168.0
f,2688.0,7168.0
f,2816.0,7168.0
f,2944.0,7168.0
f,3072.0,7168.0
f,3200.0,7168.0
f,3328.0,7168.0
f,3456.0,7168.0
f,4224.0,7168.0
f,4352.0,7168.0
f,4480.0,7168.0
f,4608.0,7168.0
f,4736.0,7168.0
f,4864.0,7168.0
f,4992.0,7168.0
f,5120.0,7168.0
f,5248.0,7168.0
f,5376.0,7168.0
f,5504.0,7168.0
f,5632.0,7168.0
f,5760.0,7168.0
f,5888.0,7168.0
f,6016.0,7168.0
f,6144.0,7168.0
f,128.0,7296.0
f,256.0,7296.0
f,384.0,7296.0
f,512.0,7296.0
f,640.0,7296.0
f,768.0,7296.0
f,896.0,7296.0
f,1024.0,7296.0
f,1152.0,7296.0
f,1280.0,7296.0
f,1408.0,7296.0
f,1536.0,7296.0
f,1664.0,7296.0
f,1792.0,7296.0
f,1920.0,7296.0
f,2048.0,7296.0
f,2176.0,7296.0
f,2304.0,7296.0
f,2688.0,7296.0
f,2816.0,7296.0
f,2944.0,7296.0
f,3072.0,7296.0
f,3200.0,7296.0
f,3328.0,7296.0
f,3456.0,7296.0
f,4224.0,7296.0
f,4352.0,7296.0
f,4480.0,7296.0
f,4608.0,7296.0
f,4736.0,7296.0
f,4864.0,7296.0
f,4992.0,7296.0
f,5120.0,7296.0
f,5248.0,7296.0
f,5376.0,7296.0
f,5504.0,7296.0
f,5632.0,7296.0
f,5760.0,7296.0
f,5888.0,7296.0
f,6016.0,7296.0
f,6144.0,7296.0
f,128.0,7424.0
f,256.0,7424.0
f,384.0,7424.0
f,512.0,7424.0
f,640.0,7424.0
f,768.0,7424.0
f,896.0,7424.0
f,1024.0,7424.0
f,1152.0,7424.0
f,1280.0,7424.0
f,1408.0,7424.0
f,1536.0,7424.0
f,1664.0,7424.0
f,1792.0,7424.0
f,1920.0,7424.0
f,2048.0,7424.0
f,2176.0,7424.0
f,2304.0,7424.0
f,2688.0,7424.0
f,2816.0,7424.0
f,2944.0,7424.0
f,3072.0,7424.0
f,3200.0,7424.0
f,3328.0,7424.0
f,3456.0,7424.0
f,4224.0,7424.0
f,4352.0,7424.0
f,4480.0,7424.0
f,4608.0,7424.0
f,4736.0,7424.0
f,4864.0,7424.0
f,4992.0,7424.0
f,5120.0,7424.0
f,5248.0,7424.0
f,5376.0,7424.0
f,5504.0,7424.0
f,5632.0,7424.0
f,5760.0,7424.0
f,5888.0,7424.0
f,6016.0,7424.0
f,6144.0,7424.0
f,128.0,7552.0
f,256.0,7552.0
f,384.0,7552.0
f,512.0,7552.0
f,640.0,7552.0
f,768.0,7552.0
f,896.0,7552.0
f,1024.0,7552.0
f,1152.0,7552.0
f,1280.0,7552.0
f,1408.0,7552.0
f,1536.0,7552.0
f,1664.0,7552.0
f,1792.0,7552.0
f,1920.0,7552.0
f,2048.0,7552.0
f,2176.0,7552.0
f,2304.0,7552.0
f,2688.0,7552.0
f,2816.0,7552.0
f,2944.0,7552.0
f,3072.0,7552.0
f,3200.0,7552.0
f,3328.0,7552.0
f,3456.0,7552.0
f,128.0,7680.0
f,256.0,7680.0
f,384.0,7680.0
f,512.0,7680.0
f,640.0,7680.0
f,768.0,7680.0
f,896.0,7680.0
f,1024.0,7680.0
f,1152.0,7680.0
f,1280.0,7680.0
f,1408.0,7680.0
f,1536.0,7680.0
f,1664.0,7680.0
f,1792.0,7680.0
f,1920.0,7680.0
f,2048.0,7680.0
f,2176.0,7680.0
f,2304.0,7680.0
f,2688.0,7680.0
f,2816.0,7680.0
f,2944.0,7680.0
f,3072.0,7680.0
f,3200.0,7680.0
f,3328.0,7680.0
f,3456.0,7680.0
f,128.0,7808.0
f,256.0,7808.0
f,384.0,7808.0
f,512.0,7808.0
f,640.0,7808.0
f,768.0,7808.0
f,896.0,7808.0
f,1024.0,7808.0
f,1152.0,7808.0
f,1280.0,7808.0
f,1408.0,7808.0
f,1536.0,7808.0
f,1664.0,7808.0
f,1792.0,7808.0
f,1920.0,7808.0
f,2048.0,7808.0
f,2176.0,7808.0
f,2304.0,7808.0
f,2688.0,7808.0
f,2816.0,7808.0
f,2944.0,7808.0
f,3072.0,7808.0
f,3200.0,7808.0
f,3328.0,7808.0
f,3456.0,7808.0
f,128.0,7936.0
f,256.0,7936.0
f,384.0,7936.0
f,512.0,7936.0
f,640.0,7936.0
f,768.0,7936.0
f,896.0,7936.0
f,1024.0,7936.0
f,1152.0,7936.0
f,1280.0,7936.0
f,1408.0,7936.0
f,1536.0,7936.0
f,1664.0,7936.0
f,1792.0,7936.0
f,1920.0,7936.0
f,2048.0,7936.0
f,2176.0,7936.0
f,2304.0,7936.0
f,2688.0,7936.0
f,2816.0,7936.0
f,2944.0,7936.0
f,3072.0,7936.0
f,3200.0,7936.0
f,3328.0,7936.0
f,3456.0,7936.0
b,2048.0,0.0
b,2176.0,0.0
b,2304.0,0.0
b,2432.0,0.0
b,2560.0,0.0
b,2688.0,0.0
b,2816.0,0.0
b,2944.0,0.0
b,3072.0,0.0
b,3200.0,0.0
b,3328.0,0.0
b,3456.0,0.0
b,3584.0,0.0
b,3712.0,0.0
b,2048.0,128.0
b,3712.0,128.0
b,2048.0,256.0
b,3712.0,256.0
b,2048.0,384.0
b,3712.0,384.0
b,2048.0,512.0
b,3712.0,512.0
b,3840.0,512.0
b,3968.0,512.0
b,4096.0,512.0
b,4224.0,512.0
b,4352.0,512.0
b,4480.0,512.0
b,4608.0,512.0
b,4736.0,512.0
b,4864.0,512.0
b,4992.0,512.0
b,2048.0,640.0
b,3712.0,640.0
b,3840.0,640.0
b,4992.0,640.0
b,5120.0,640.0
b,5248.0,640.0
b,5376.0,640.0
b,2048.0,768.0
b,5376.0,768.0
b,2048.0,896.0
b,3712.0,896.0
b,3840.0,896.0
b,4992.0,896.0
b,5120.0,896.0
b,5376.0,896.0
b,5760.0,896.0
b,5888.0,896.0
b,6016.0,896.0
b,6144.0,896.0
b,6272.0,896.0
b,6400.0,896.0
b,6528.0,896.0
b,6656.0,896.0
b,6784.0,896.0
b,6912.0,896.0
b,7040.0,896.0
b,7168.0,896.0
b,7296.0,896.0
b,7424.0,896.0
b,7552.0,896.0
b,7680.0,896.0
b,128.0,1024.0
b,256.0,1024.0
b,384.0,1024.0
b,512.0,1024.0
b,640.0,1024.0
b,768.0,1024.0
b,896.0,1024.0
b,1024.0,1024.0
b,1152.0,1024.0
b,1280.0,1024.0
b,1408.0,1024.0
b,1536.0,1024.0
b,1664.0,1024.0
b,1792.0,1024.0
b,1920.0,1024.0
b,2048.0,1024.0
b,3712.0,1024.0
b,3840.0,1024.0
b,4992.0,1024.0
b,5120.0,1024.0
b,5376.0,1024.0
b,5760.0,1024.0
b,7680.0,1024.0
b,128.0,1152.0
b,3712.0,1152.0
b,3840.0,1152.0
b,4992.0,1152.0
b,5120.0,1152.0
b,5376.0,1152.0
b,5504.0,1152.0
b,5632.0,1152.0
b,5760.0,1152.0
b,7680.0,1152.0
b,128.0,1280.0
b,1792.0,1280.0
b,1920.0,1280.0
b,2048.0,1280.0
b,3712.0,1280.0
b,3840.0,1280.0
b,7680.0,1280.0
b,7808.0,1280.0
b,7936.0,1280.0
b,128.0,1408.0
b,1792.0,1408.0
b,2048.0,1408.0
b,7936.0,1408.0
b,128.0,1536.0
b,1792.0,1536.0
b,2048.0,1536.0
b,3712.0,1536.0
b,3840.0,1536.0
b,4992.0,1536.0
b,5120.0,1536.0
b,5376.0,1536.0
b,5504.0,1536.0
b,5632.0,1536.0
b,5760.0,1536.0
b,7680.0,1536.0
b,7808.0,1536.0
b,7936.0,1536.0
b,128.0,1664.0
b,1792.0,1664.0
b,2048.0,1664.0
b,3712.0,1664.0
b,3840.0,1664.0
b,4992.0,1664.0
b,5120.0,1664.0
b,5376.0,1664.0
b,5760.0,1664.0
b,7680.0,1664.0
b,128.0,1792.0
b,1792.0,1792.0
b,2048.0,1792.0
b,2176.0,1792.0
b,2432.0,1792.0
b,2560.0,1792.0
b,2688.0,1792.0
b,2944.0,1792.0
b,3072.0,1792.0
b,3200.0,1792.0
b,3328.0,1792.0
b,3456.0,1792.0
b,3712.0,1792.0
b,3840.0,1792.0
b,4992.0,1792.0
b,5120.0,1792.0
b,5376.0,1792.0
b,5760.0,1792.0
b,7680.0,1792.0
b,128.0,1920.0
b,1792.0,1920.0
b,2176.0,1920.0
b,2432.0,1920.0
b,2688.0,1920.0
b,2944.0,1920.0
b,3456.0,1920.0
b,3712.0,1920.0
b,3840.0,1920.0
b,4992.0,1920.0
b,5120.0,1920.0
b,5376.0,1920.0
b,5760.0,1920.0
b,7680.0,1920.0
b,128.0,2048.0
b,1792.0,2048.0
b,1920.0,2048.0
b,2176.0,2048.0
b,2432.0,2048.0
b,2688.0,2048.0
b,2944.0,2048.0
b,3456.0,2048.0
b,3712.0,2048.0
b,3840.0,2048.0
b,4992.0,2048.0
b,5120.0,2048.0
b,5376.0,2048.0
b,5760.0,2048.0
b,7680.0,2048.0
b,128.0,2176.0
b,256.0,2176.0
b,512.0,2176.0
b,640.0,2176.0
b,896.0,2176.0
b,1024.0,2176.0
b,1152.0,2176.0
b,1280.0,2176.0
b,1408.0,2176.0
b,1664.0,2176.0
b,1920.0,2176.0
b,2176.0,2176.0
b,2432.0,2176.0
b,2688.0,2176.0
b,2944.0,2176.0
b,3456.0,2176.0
b,3712.0,2176.0
b,3840.0,2176.0
b,4992.0,2176.0
b,5120.0,2176.0
b,5376.0,2176.0
b,5760.0,2176.0
b,7680.0,2176.0
b,256.0,2304.0
b,512.0,2304.0
b,640.0,2304.0
b,896.0,2304.0
b,1408.0,2304.0
b,1664.0,2304.0
b,1920.0,2304.0
b,2048.0,2304.0
b,2176.0,2304.0
b,2432.0,2304.0
b,2560.0,2304.0
b,2688.0,2304.0
b,2944.0,2304.0
b,3072.0,2304.0
b,3200.0,2304.0
b,3328.0,2304.0
b,3456.0,2304.0
b,3712.0,2304.0
b,3840.0,2304.0
b,4992.0,2304.0
b,5120.0,2304.0
b,5376.0,2304.0
b,5504.0,2304.0
b,5632.0,2304.0
b,5760.0,2304.0
b,7680.0,2304.0
b,256.0,2432.0
b,512.0,2432.0
b,640.0,2432.0
b,896.0,2432.0
b,1408.0,2432.0
b,7680.0,2432.0
b,256.0,2560.0
b,512.0,2560.0
b,640.0,2560.0
b,896.0,2560.0
b,1408.0,2560.0
b,7680.0,2560.0
b,256.0,2688.0
b,512.0,2688.0
b,640.0,2688.0
b,896.0,2688.0
b,1408.0,2688.0
b,4992.0,2688.0
b,5120.0,2688.0
b,5376.0,2688.0
b,5504.0,2688.0
b,5632.0,2688.0
b,5760.0,2688.0
b,7680.0,2688.0
b,256.0,2816.0
b,512.0,2816.0
b,640.0,2816.0
b,896.0,2816.0
b,1024.0,2816.0
b,1152.0,2816.0
b,1280.0,2816.0
b,1408.0,2816.0
b,7680.0,2816.0
b,256.0,2944.0
b,1408.0,2944.0
b,4992.0,2944.0
b,5120.0,2944.0
b,5376.0,2944.0
b,5504.0,2944.0
b,5632.0,2944.0
b,5760.0,2944.0
b,5888.0,2944.0
b,6016.0,2944.0
b,6144.0,2944.0
b,6272.0,2944.0
b,6400.0,2944.0
b,6528.0,2944.0
b,6656.0,2944.0
b,6784.0,2944.0
b,6912.0,2944.0
b,7040.0,2944.0
b,7168.0,2944.0
b,7424.0,2944.0
b,7552.0,2944.0
b,7680.0,2944.0
b,256.0,3072.0
b,1408.0,3072.0
b,6784.0,3072.0
b,7168.0,3072.0
b,7424.0,3072.0
b,256.0,3200.0
b,1408.0,3200.0
b,4096.0,3200.0
b,4352.0,3200.0
b,4608.0,3200.0
b,4864.0,3200.0
b,4992.0,3200.0
b,5120.0,3200.0
b,5376.0,3200.0
b,5504.0,3200.0
b,5632.0,3200.0
b,5760.0,3200.0
b,5888.0,3200.0
b,6016.0,3200.0
b,6144.0,3200.0
b,6272.0,3200.0
b,6400.0,3200.0
b,6528.0,3200.0
b,6656.0,3200.0
b,6784.0,3200.0
b,7168.0,3200.0
b,7424.0,3200.0
b,256.0,3328.0
b,1408.0,3328.0
b,4096.0,3328.0
b,4352.0,3328.0
b,4608.0,3328.0
b,4864.0,3328.0
b,5120.0,3328.0
b,5376.0,3328.0
b,7168.0,3328.0
b,7424.0,3328.0
b,256.0,3456.0
b,4096.0,3456.0
b,4352.0,3456.0
b,4608.0,3456.0
b,4864.0,3456.0
b,5120.0,3456.0
b,5376.0,3456.0
b,7168.0,3456.0
b,7424.0,3456.0
b,256.0,3584.0
b,1408.0,3584.0
b,4096.0,3584.0
b,4352.0,3584.0
b,4608.0,3584.0
b,4864.0,3584.0
b,5120.0,3584.0
b,5376.0,3584.0
b,7168.0,3584.0
b,7424.0,3584.0
b,256.0,3712.0
b,1408.0,3712.0
b,4096.0,3712.0
b,4352.0,3712.0
b,4608.0,3712.0
b,4864.0,3712.0
b,5120.0,3712.0
b,5376.0,3712.0
b,7168.0,3712.0
b,7424.0,3712.0
b,256.0,3840.0
b,1408.0,3840.0
b,1536.0,3840.0
b,1664.0,3840.0
b,1920.0,3840.0
b,2048.0,3840.0
b,2176.0,3840.0
b,2432.0,3840.0
b,2560.0,3840.0
b,2688.0,3840.0
b,2944.0,3840.0
b,3072.0,3840.0
b,3200.0,3840.0
b,3328.0,3840.0
b,3456.0,3840.0
b,3712.0,3840.0
b,3840.0,3840.0
b,4096.0,3840.0
b,4352.0,3840.0
b,4608.0,3840.0
b,4864.0,3840.0
b,4992.0,3840.0
b,5120.0,3840.0
b,5376.0,3840.0
b,5504.0,3840.0
b,5632.0,3840.0
b,5760.0,3840.0
b,5888.0,3840.0
b,7168.0,3840.0
b,7424.0,3840.0
b,256.0,3968.0
b,1408.0,3968.0
b,1664.0,3968.0
b,1920.0,3968.0
b,2176.0,3968.0
b,2432.0,3968.0
b,2688.0,3968.0
b,2944.0,3968.0
b,3456.0,3968.0
b,5888.0,3968.0
b,7168.0,3968.0
b,7424.0,3968.0
b,256.0,4096.0
b,1408.0,4096.0
b,1664.0,4096.0
b,1920.0,4096.0
b,2176.0,4096.0
b,2432.0,4096.0
b,2688.0,4096.0
b,2944.0,4096.0
b,3456.0,4096.0
b,5888.0,4096.0
b,7168.0,4096.0
b,7424.0,4096.0
b,256.0,4224.0
b,1408.0,4224.0
b,1664.0,4224.0
b,1920.0,4224.0
b,2176.0,4224.0
b,2432.0,4224.0
b,2688.0,4224.0
b,2944.0,4224.0
b,3456.0,4224.0
b,5888.0,4224.0
b,7168.0,4224.0
b,7424.0,4224.0
b,256.0,4352.0
b,1408.0,4352.0
b,1664.0,4352.0
b,1920.0,4352.0
b,2176.0,4352.0
b,2432.0,4352.0
b,2688.0,4352.0
b,2944.0,4352.0
b,3456.0,4352.0
b,5888.0,4352.0
b,7168.0,4352.0
b,7424.0,4352.0
b,256.0,4480.0
b,1408.0,4480.0
b,1536.0,4480.0
b,1664.0,4480.0
b,1920.0,4480.0
b,2048.0,4480.0
b,2176.0,4480.0
b,2432.0,4480.0
b,2560.0,4480.0
b,2688.0,4480.0
b,2944.0,4480.0
b,3072.0,4480.0
b,3200.0,4480.0
b,3328.0,4480.0
b,3456.0,4480.0
b,5888.0,4480.0
b,7168.0,4480.0
b,7424.0,4480.0
b,256.0,4608.0
b,5888.0,4608.0
b,7168.0,4608.0
b,7424.0,4608.0
b,256.0,4736.0
b,512.0,4736.0
b,640.0,4736.0
b,768.0,4736.0
b,1024.0,4736.0
b,1152.0,4736.0
b,5888.0,4736.0
b,7168.0,4736.0
b,7424.0,4736.0
b,256.0,4864.0
b,512.0,4864.0
b,768.0,4864.0
b,5888.0,4864.0
b,7168.0,4864.0
b,7424.0,4864.0
b,256.0,4992.0
b,512.0,4992.0
b,768.0,4992.0
b,1152.0,4992.0
b,1408.0,4992.0
b,1536.0,4992.0
b,1664.0,4992.0
b,1920.0,4992.0
b,2048.0,4992.0
b,2176.0,4992.0
b,2432.0,4992.0
b,2560.0,4992.0
b,2688.0,4992.0
b,2944.0,4992.0
b,3072.0,4992.0
b,3200.0,4992.0
b,3328.0,4992.0
b,3456.0,4992.0
b,5888.0,4992.0
b,7168.0,4992.0
b,7424.0,4992.0
b,256.0,5120.0
b,512.0,5120.0
b,768.0,5120.0
b,1152.0,5120.0
b,1408.0,5120.0
b,1664.0,5120.0
b,1920.0,5120.0
b,2176.0,5120.0
b,2432.0,5120.0
b,2688.0,5120.0
b,2944.0,5120.0
b,3456.0,5120.0
b,5888.0,5120.0
b,6016.0,5120.0
b,6144.0,5120.0
b,6272.0,5120.0
b,7168.0,5120.0
b,7424.0,5120.0
b,256.0,5248.0
b,512.0,5248.0
b,768.0,5248.0
b,1152.0,5248.0
b,1408.0,5248.0
b,1664.0,5248.0
b,1920.0,5248.0
b,2176.0,5248.0
b,2432.0,5248.0
b,2688.0,5248.0
b,2944.0,5248.0
b,3456.0,5248.0
b,3712.0,5248.0
b,3840.0,5248.0
b,3968.0,5248.0
b,4096.0,5248.0
b,6272.0,5248.0
b,7168.0,5248.0
b,7424.0,5248.0
b,0.0,5376.0
b,128.0,5376.0
b,256.0,5376.0
b,512.0,5376.0
b,640.0,5376.0
b,768.0,5376.0
b,1152.0,5376.0
b,1408.0,5376.0
b,1536.0,5376.0
b,1664.0,5376.0
b,1920.0,5376.0
b,2048.0,5376.0
b,2176.0,5376.0
b,2432.0,5376.0
b,2688.0,5376.0
b,2944.0,5376.0
b,3456.0,5376.0
b,3712.0,5376.0
b,4096.0,5376.0
b,6272.0,5376.0
b,7168.0,5376.0
b,7424.0,5376.0
b,0.0,5504.0
b,2432.0,5504.0
b,2688.0,5504.0
b,2944.0,5504.0
b,3456.0,5504.0
b,3712.0,5504.0
b,4096.0,5504.0
b,6272.0,5504.0
b,7168.0,5504.0
b,7424.0,5504.0
b,0.0,5632.0
b,2432.0,5632.0
b,2560.0,5632.0
b,2688.0,5632.0
b,2944.0,5632.0
b,3072.0,5632.0
b,3200.0,5632.0
b,3328.0,5632.0
b,3456.0,5632.0
b,3712.0,5632.0
b,4096.0,5632.0
b,6272.0,5632.0
b,7168.0,5632.0
b,7424.0,5632.0
b,0.0,5760.0
b,2432.0,5760.0
b,2560.0,5760.0
b,3712.0,5760.0
b,3840.0,5760.0
b,3968.0,5760.0
b,4096.0,5760.0
b,6272.0,5760.0
b,6400.0,5760.0
b,6528.0,5760.0
b,6656.0,5760.0
b,6784.0,5760.0
b,6912.0,5760.0
b,7040.0,5760.0
b,7168.0,5760.0
b,7424.0,5760.0
b,0.0,5888.0
b,7424.0,5888.0
b,0.0,6016.0
b,2432.0,6016.0
b,2560.0,6016.0
b,3712.0,6016.0
b,3840.0,6016.0
b,3968.0,6016.0
b,4096.0,6016.0
b,6272.0,6016.0
b,6400.0,6016.0
b,6528.0,6016.0
b,6656.0,6016.0
b,6784.0,6016.0
b,6912.0,6016.0
b,7040.0,6016.0
b,7168.0,6016.0
b,7296.0,6016.0
b,7424.0,6016.0
b,0.0,6144.0
b,2432.0,6144.0
b,2560.0,6144.0
b,3712.0,6144.0
b,3840.0,6144.0
b,3968.0,6144.0
b,4096.0,6144.0
b,6272.0,6144.0
b,0.0,6272.0
b,2432.0,6272.0
b,2560.0,6272.0
b,6272.0,6272.0
b,0.0,6400.0
b,2432.0,6400.0
b,2560.0,6400.0
b,3712.0,6400.0
b,3840.0,6400.0
b,3968.0,6400.0
b,4096.0,6400.0
b,6272.0,6400.0
b,0.0,6528.0
b,3712.0,6528.0
b,4096.0,6528.0
b,6272.0,6528.0
b,0.0,6656.0
b,2432.0,6656.0
b,2560.0,6656.0
b,3712.0,6656.0
b,3840.0,6656.0
b,3968.0,6656.0
b,4096.0,6656.0
b,6272.0,6656.0
b,0.0,6784.0
b,6272.0,6784.0
b,0.0,6912.0
b,6272.0,6912.0
b,0.0,7040.0
b,3584.0,7040.0
b,3712.0,7040.0
b,3840.0,7040.0
b,3968.0,7040.0
b,4096.0,7040.0
b,6272.0,7040.0
b,0.0,7168.0
b,2432.0,7168.0
b,2560.0,7168.0
b,3584.0,7168.0
b,4096.0,7168.0
b,6272.0,7168.0
b,0.0,7296.0
b,2432.0,7296.0
b,2560.0,7296.0
b,3584.0,7296.0
b,4096.0,7296.0
b,6272.0,7296.0
b,0.0,7424.0
b,2432.0,7424.0
b,2560.0,7424.0
b,3584.0,7424.0
b,4096.0,7424.0
b,6272.0,7424.0
b,0.0,7552.0
b,2432.0,7552.0
b,2560.0,7552.0
b,3584.0,7552.0
b,4096.0,7552.0
b,4224.0,7552.0
b,4352.0,7552.0
b,4480.0,7552.0
b,4608.0,7552.0
b,4736.0,7552.0
b,4864.0,7552.0
b,4992.0,7552.0
b,5120.0,7552.0
b,5248.0,7552.0
b,5376.0,7552.0
b,5504.0,7552.0
b,5632.0,7552.0
b,5760.0,7552.0
b,5888.0,7552.0
b,6016.0,7552.0
b,6144.0,7552.0
b,6272.0,7552.0
b,0.0,7680.0
b,2432.0,7680.0
b,2560.0,7680.0
b,3584.0,7680.0
b,0.0,7808.0
b,2432.0,7808.0
b,2560.0,7808.0
b,3584.0,7808.0
b,0.0,7936.0
b,2432.0,7936.0
b,2560.0,7936.0
b,3584.0,7936.0
b,0.0,8064.0
b,128.0,8064.0
b,256.0,8064.0
b,384.0,8064.0
b,512.0,8064.0
b,640.0,8064.0
b,768.0,8064.0
b,896.0,8064.0
b,1024.0,8064.0
b,1152.0,8064.0
b,1280.0,8064.0
b,1408.0,8064.0
b,1536.0,8064.0
b,1664.0,8064.0
b,1792.0,8064.0
b,1920.0,8064.0
b,2048.0,8064.0
b,2176.0,8064.0
b,2304.0,8064.0
b,2432.0,8064.0
b,2560.0,8064.0
b,2688.0,8064.0
b,2816.0,8064.0
b,2944.0,8064.0
b,3072.0,8064.0
b,3200.0,8064.0
b,3328.0,8064.0
b,3456.0,8064.0
b,3584.0,8064.0
o,3584,256
o,2688,384
o,2560,640
o,3968,640
o,2176,768
o,2816,768
o,2944,768
o,3072,768
o,3456,768
o,3840,768
o,3328,896
o,3456,896
o,3584,896
o,4224,896
o,5888,1024
o,7040,1024
o,1664,1152
o,2816,1152
o,2944,1152
o,4352,1152
o,4480,1152
o,5248,1152
o,384,1280
o,4352,1280
o,6272,1280
o,6400,1280
o,512,1408
o,640,1408
o,1280,1408
o,3840,1408
o,5888,1408
o,6656,1408
o,896,1536
o,5248,1536
o,7168,1536
o,7552,1536
o,4608,1664
o,4736,1664
o,4864,1664
o,7168,1664
o,6400,1792
o,7552,1792
o,1280,1920
o,4864,1920
o,5248,1920
o,1408,2048
o,5888,2048
o,6656,2048
o,384,2176
o,1536,2176
o,4352,2176
o,4736,2176
o,7040,2176
o,7552,2176
o,3968,2304
o,2432,2432
o,3328,2432
o,4480,2432
o,384,2560
o,2560,2560
o,5376,2560
o,7296,2560
o,2688,2688
o,3712,2688
o,4864,2688
o,6016,2688
o,6912,2688
o,384,2816
o,4352,2816
o,6912,2816
o,7424,2816
o,640,2944
o,896,2944
o,1536,2944
o,2048,2944
o,4480,2944
o,4608,2944
o,640,3072
o,1664,3072
o,1920,3072
o,2688,3072
o,3072,3072
o,4352,3072
o,4864,3072
o,4992,3072
o,5376,3072
o,2688,3200
o,4480,3200
o,384,3328
o,512,3328
o,1536,3328
o,384,3456
o,2304,3456
o,3968,3456
o,1920,3584
o,2176,3584
o,2560,3584
o,2944,3584
o,4224,3584
o,1920,3712
o,2048,3712
o,3968,3712
o,1024,3840
o,1280,3968
o,2304,3968
o,2816,3968
o,4864,3968
o,5120,3968
o,5504,3968
o,5632,3968
o,5120,4096
o,5632,4096
o,5760,4096
o,5120,4224
o,1024,4352
o,2304,4352
o,4352,4352
o,5248,4352
o,5632,4352
o,4352,4480
o,4864,4480
o,5376,4480
o,1536,4608
o,4352,4608
o,4864,4608
o,2176,4736
o,2560,4736
o,3840,4736
o,4992,4736
o,5376,4736
o,7296,4736
o,1152,4864
o,5760,4864
o,1792,4992
o,3584,4992
o,4096,4992
o,2304,5120
o,3712,5120
o,4352,5120
o,4736,5120
o,5632,5120
o,7296,5248
o,7296,5376
o,512,5504
o,896,5504
o,1792,5504
o,2176,5504
o,4480,5504
o,5376,5504
o,1664,5632
o,2304,5632
o,5120,5632
o,6016,5632
o,2816,5760
o,4352,5760
o,4736,5760
o,5504,5760
o,128,5888
o,256,5888
o,2048,5888
o,4096,5888
o,7040,5888
o,7168,5888
o,256,6016
o,1408,6016
o,4864,6016
o,5760,6016
o,1536,6144
o,3456,6144
o,4480,6144
o,5120,6144
o,5376,6144
o,256,6272
o,3456,6272
o,768,6400
o,1280,6400
o,2944,6400
o,5760,6400
o,2304,6528
o,5120,6528
o,512,6656
o,1664,6656
o,2944,6656
o,4352,6656
o,5504,6656
o,5632,6656
o,512,6784
o,256,6912
o,512,6912
o,1792,6912
o,3328,6912
o,5632,6912
o,2560,7040
o,896,7296
o,1024,7296
o,1792,7296
o,3456,7296
o,5632,7296
o,1280,7424
o,4992,7424
o,5120,7424
o,256,7680
o,1792,7680
o,3072,7680
o,3200,7808
o,2816,7936
e,5873.0,3991.2059581102994,100.0
e,5873.0,3991.2059581102994,100.0
e,5873.0,3991.2059581102994,100.0
e,4081.0,3417.4456975407775,100.0
e,5873.0,3991.2059581102994,100.0
e,5873.0,3991.2059581102994,100.0
e,5873.0,3991.2059581102994,100.0
e,5120.0,3987.3885647360557,100.0
e,5873.0,3991.2059581102994,100.0
e,2033.0,1009.0,100.0
e,5873.0,3991.2059581102994,100.0
e,5873.0,3991.2059581102994,100.0
e,4081.0,3417.4456975407775,100.0
e,5873.0,3991.2059581102994,100.0
e,5873.0,3991.2059581102994,100.0
e,4081.0,3417.4456975407775,100.0
e,5873.0,3991.2059581102994,100.0
e,5873.0,3991.2059581102994,100.0
e,5873.0,3991.2059581102994,100.0
e,4081.0,3417.4456975407775,100.0
a,-1.0,-1.0
m,3072.0,6400.0
m,4992.0,5504.0
md,3968.0,1664.0
md,3584.0,512.0
md,1024.0,6272.0
md,2176.0,6528.0
md,2176.0,6272.0
md,5376.0,1408.0
md,768.0,7296.0
md,3584.0,2048.0
